{"type":"FeatureCollection","name":"LIMITE_URBANO","features":[{"type":"Feature","properties":{"AREA_M2":99999999.99,"HAS":22756.44062},"geometry":{"type":"MultiPolygon","coordinates":[[[[-101.66516750639244,21.202751723802386],[-101.66515730562364,21.202773490959096],[-101.66515450275662,21.202745441209505],[-101.66516750639244,21.202751723802386]]],[[[-101.66516750639244,21.202751723802386],[-101.66531612668702,21.202434589970252],[-101.66561021048813,21.202517881312772],[-101.66594390908067,21.201795741102732],[-101.66588646386242,21.20175125286734],[-101.66602118085707,21.201324529258226],[-101.66618061241704,21.200934072798447],[-101.66605180342198,21.20086753065866],[-101.6659572383993,21.20075026595037],[-101.66621645969474,21.200484355509307],[-101.66643461230238,21.200268748286106],[-101.66635239848216,21.20014489835424],[-101.666184352818,21.19991692577811],[-101.66605556514216,21.19974470893872],[-101.66589650344828,21.199466596455864],[-101.66565160893423,21.199190932338517],[-101.66537595247298,21.198733080432273],[-101.66525779199715,21.198562849017488],[-101.66513231973411,21.198357122217388],[-101.66509195852498,21.19817798803772],[-101.66504449452113,21.19799172672268],[-101.66490384413821,21.197439773859568],[-101.66485049476871,21.197230414092306],[-101.66475615816364,21.19686020561547],[-101.66463549164247,21.196386666256494],[-101.66453176225887,21.195979591286655],[-101.66439383446857,21.195438303848423],[-101.66424776506395,21.19486505971189],[-101.66399462295566,21.194649717913876],[-101.66374323257585,21.194435865199136],[-101.66334465124089,21.194096797929557],[-101.66287904132498,21.193700707041284],[-101.66277938002081,21.19368647534736],[-101.66278235447808,21.193679118242116],[-101.65736747145105,21.192469950715076],[-101.656505055317,21.19228529286472],[-101.65623918091754,21.19222836366178],[-101.65549095429502,21.192068150334403],[-101.65549025285142,21.19206912520785],[-101.65522656736678,21.192011537831764],[-101.65461169362048,21.19187987466159],[-101.65445790559549,21.191846943571505],[-101.6543174288484,21.19181686272616],[-101.65416355287688,21.191783912499936],[-101.65414383633947,21.191779690488392],[-101.65411047944896,21.19177254758615],[-101.65406376680512,21.191762544727528],[-101.6539881479281,21.19174635197284],[-101.65391378402269,21.19173042791579],[-101.65378486588574,21.191702821696175],[-101.65357907932778,21.191581310001766],[-101.65324298435279,21.19138285349896],[-101.65163521128545,21.19043340652717],[-101.65155561300953,21.190386398107968],[-101.65139177465515,21.1902896594794],[-101.65122618317024,21.190215579371134],[-101.65032877019325,21.18981411809282],[-101.6497989238179,21.18957711252486],[-101.64966426053131,21.18951687588963],[-101.64950894423067,21.189447391022476],[-101.64929823653948,21.189353145874954],[-101.64874824039134,21.189107101602403],[-101.64842663727148,21.188963228021812],[-101.64824067387732,21.188829612134697],[-101.64787714473044,21.1885999239265],[-101.6471582317135,21.18816414490887],[-101.64728853959433,21.18764813717513],[-101.64722415497849,21.187634995488484],[-101.64689836927225,21.187463345364144],[-101.64698241428812,21.18729424305465],[-101.64706425043538,21.187129586979243],[-101.64716300067393,21.1869308957218],[-101.64730450992764,21.186646170665064],[-101.64742943622272,21.186394804896278],[-101.64744546337029,21.186320751371895],[-101.64756643921721,21.186174228742612],[-101.64766160168519,21.186046716836874],[-101.64765986791973,21.185993082957957],[-101.64776691970317,21.1857928973861],[-101.6478019181553,21.185489115825646],[-101.6477837719636,21.185071708219148],[-101.64779638902445,21.184102870883393],[-101.64787259139342,21.18384314623824],[-101.64773232311916,21.183637346156868],[-101.64758763992666,21.183450016334206],[-101.6465248824989,21.18356372276138],[-101.64625519385146,21.183622419160045],[-101.64585707809353,21.183756878221622],[-101.6456603686969,21.18387193148939],[-101.64517418730827,21.184156288694787],[-101.64481338803537,21.184514682677545],[-101.64470500502122,21.184622342405916],[-101.64452139076118,21.184804731991488],[-101.64423613795759,21.18534742297919],[-101.64414403969683,21.185301666629908],[-101.6441011522823,21.185266051168412],[-101.64392687327044,21.18512131973382],[-101.64378836679384,21.185006296506053],[-101.64360798955487,21.184765949343653],[-101.64331755727396,21.184549799475487],[-101.64297514209491,21.18429496129215],[-101.64275033096237,21.184117840095862],[-101.64256720126896,21.183963343197632],[-101.64245596246619,21.183839582385957],[-101.64238863234222,21.18367776673361],[-101.64222115521021,21.1836535978087],[-101.64212553023182,21.183873357991388],[-101.64197599502492,21.184220603317865],[-101.64183791142163,21.18417933866916],[-101.6407033353781,21.183866350829994],[-101.64034243331297,21.183672827236574],[-101.6408686717381,21.182868063813775],[-101.64075505571071,21.182827922947684],[-101.64109278533046,21.18224304521047],[-101.64072480407155,21.18197896259492],[-101.64055228940003,21.181848953365076],[-101.64039618257178,21.181710649578097],[-101.64027982687716,21.181571566358492],[-101.6401808852737,21.181407984762963],[-101.64010219240882,21.18121238615379],[-101.63999264959973,21.180885036652597],[-101.63988437591097,21.180561477919348],[-101.63982427163414,21.180392845252218],[-101.6397711587282,21.180292108650708],[-101.63970665920192,21.18019918721124],[-101.63960960135479,21.180090034592105],[-101.63945554497211,21.17996727578856],[-101.63931555309699,21.179890019006685],[-101.63923566836648,21.18002375774608],[-101.6390104141633,21.18027893599748],[-101.63900270302942,21.18054372001747],[-101.6389709802189,21.180676649749756],[-101.63887394710233,21.180970434001907],[-101.63872333067503,21.181125770813534],[-101.63842684300437,21.18142951995749],[-101.63806795743454,21.181901616598505],[-101.63556747248175,21.180920440936053],[-101.63583105420604,21.180690233828503],[-101.63609872683378,21.18045645237029],[-101.63633899325646,21.18024660611132],[-101.63661788075122,21.180003028535303],[-101.63699388215714,21.17967462887534],[-101.6372357804596,21.17946335476766],[-101.63772249094714,21.17903825796381],[-101.63778815144109,21.17891318224109],[-101.63778177800938,21.178579597502676],[-101.63765480381784,21.178371676329903],[-101.637427792437,21.17816166362939],[-101.63712137317202,21.177971155965473],[-101.63674652706348,21.17773956942823],[-101.63640854072392,21.177530753372878],[-101.63599509572464,21.177845108269363],[-101.63565597993474,21.17807829116005],[-101.63533247815919,21.178322081983946],[-101.63478334792303,21.178674293900208],[-101.63442764541809,21.178872981807146],[-101.63442084139626,21.179049140323936],[-101.63434683035624,21.17929384295523],[-101.63411135138426,21.180015267406713],[-101.63397090344813,21.18033853191454],[-101.63333086616099,21.180000566389676],[-101.63312036451327,21.180114264204857],[-101.63291215415573,21.18029210115762],[-101.63274525253536,21.180315864309502],[-101.63257850976578,21.18046984153772],[-101.63195754908213,21.181014607838467],[-101.63180033304698,21.180911434182363],[-101.63129799578601,21.180580800430597],[-101.6309546924744,21.180355216047715],[-101.63043669328488,21.180014288516922],[-101.63017897908719,21.17984522475961],[-101.62972587716378,21.179546750329393],[-101.62921048149228,21.179204325066202],[-101.62874435296284,21.178901143956555],[-101.62829834880571,21.17860778506607],[-101.62795848488157,21.178256350703123],[-101.6276154007614,21.177933015779114],[-101.62725688239165,21.177565786536668],[-101.62790392827557,21.17667975959729],[-101.62847808028367,21.175886075671386],[-101.62872913936135,21.17553934082807],[-101.6290591608846,21.175083549090537],[-101.62860325940477,21.17473677182678],[-101.6273464905481,21.17484371944793],[-101.62656240249294,21.17347663389098],[-101.62655359909456,21.173412997790052],[-101.6267983670358,21.173327446427056],[-101.62749540189262,21.17311022148041],[-101.62841500255432,21.17280544798633],[-101.62804323596247,21.172520755243486],[-101.6275356883691,21.172161731955466],[-101.62702610358568,21.17185687603129],[-101.62702171374139,21.171746833423608],[-101.62704024769177,21.171619229684364],[-101.6271039333461,21.171486336177733],[-101.62720616488151,21.17138954710735],[-101.62737890322448,21.17119990294329],[-101.62746505949019,21.171093040747287],[-101.62744917378419,21.17102446843562],[-101.62744653301142,21.170944220347124],[-101.62745734660923,21.170794943841432],[-101.62740360396408,21.17072925398804],[-101.62740128740481,21.170667352658594],[-101.62734860225584,21.17060249583],[-101.62736655549755,21.17053602504088],[-101.62738086736032,21.170461104998807],[-101.62744490143002,21.170231541224954],[-101.62759312911531,21.16972755513527],[-101.62777762092881,21.169656974035398],[-101.62779123401575,21.169631881309556],[-101.62792066756401,21.169393298663365],[-101.62795050906225,21.169338292230844],[-101.6283985243178,21.169457955409392],[-101.62875265494995,21.1695681726739],[-101.6290299229717,21.169481277254267],[-101.62946774797418,21.169346004335672],[-101.62984947966957,21.169219631991723],[-101.63017652331699,21.169112461593297],[-101.6301609467637,21.169007233236062],[-101.63012465697459,21.168857238878864],[-101.63023846110528,21.168880953613098],[-101.63045182205174,21.168914336991925],[-101.63082608065771,21.168978652014815],[-101.63103126274788,21.16886102212487],[-101.63120093778973,21.16876898535667],[-101.6310715111393,21.168536103980742],[-101.63073245415163,21.167926023825494],[-101.63062692716079,21.16780276047603],[-101.63035976429575,21.16749069311985],[-101.63016473679153,21.16726288437504],[-101.63020825012298,21.167237637464943],[-101.63044627583848,21.167086429776056],[-101.63082213733098,21.16684864958942],[-101.63079746554448,21.166700931936592],[-101.63077937345622,21.166592605642926],[-101.63076024251782,21.16647805689704],[-101.6306336367785,21.1657199950474],[-101.63059788929696,21.165505954696943],[-101.63063058854384,21.16548400105152],[-101.63090289053952,21.165301180889752],[-101.63118461486107,21.16511203407604],[-101.63156024613703,21.164859838004457],[-101.63184196966773,21.164670689342046],[-101.63198230610863,21.164576468370782],[-101.6313252336196,21.163941210587296],[-101.63091757456871,21.163545285210162],[-101.63086919036118,21.163496906055226],[-101.63041470419229,21.164102087461337],[-101.63027252909642,21.164291428190538],[-101.63002898964463,21.164060171911],[-101.62981912799734,21.163921209559707],[-101.62958821300691,21.163768305850876],[-101.6295725358341,21.163675410157715],[-101.62953298306692,21.16316618973119],[-101.62948686394768,21.162470813594815],[-101.62926289088284,21.162542073933636],[-101.6287437507211,21.162746514010635],[-101.62860471823313,21.162627783742703],[-101.62847562387583,21.162908586679325],[-101.62842269741412,21.163023710753205],[-101.6287318627888,21.16349991887979],[-101.62884754417745,21.163846273412357],[-101.6288724332454,21.164248366297358],[-101.62888568235344,21.164462409210866],[-101.62873746649629,21.16448257133146],[-101.62824773242934,21.164600723132644],[-101.62762594277015,21.16487684979286],[-101.62767492282453,21.16418898376161],[-101.62731128342797,21.163747885820875],[-101.62664778322666,21.162943044366095],[-101.6259383853946,21.16256873317382],[-101.6258172122095,21.162504796069936],[-101.62520869068149,21.16219193118941],[-101.62499748617844,21.1621627081083],[-101.62498687528932,21.162155920961446],[-101.62496224433308,21.162140052220273],[-101.62493701373698,21.162122928776906],[-101.62491187935338,21.162105803869995],[-101.6248877327031,21.16209010817009],[-101.62486308424963,21.162073246552406],[-101.62483938049395,21.162055377132784],[-101.6247231902635,21.161967077263878],[-101.62461543793277,21.161860589475886],[-101.62455714741995,21.161802629003688],[-101.62452343507027,21.16174663436763],[-101.62445946097652,21.161639286325265],[-101.6244302974834,21.161590172979587],[-101.62436201328372,21.161516748375018],[-101.62429650333215,21.16138233881683],[-101.62423638696126,21.161259040736557],[-101.62423108918274,21.161248142333456],[-101.62423204002812,21.161247936768646],[-101.6241962663194,21.161173920551235],[-101.62378876464307,21.160810767378326],[-101.62378751339773,21.160809627657205],[-101.6236834378979,21.160702505233157],[-101.62380556519686,21.160588376155154],[-101.62404106437813,21.160392715706397],[-101.6240388405736,21.16039063230477],[-101.62404327462255,21.160386948343685],[-101.62395759514182,21.160306678279287],[-101.62375688029061,21.160361591762932],[-101.62350020156313,21.160597491923628],[-101.62346998981145,21.160625257914056],[-101.62342804205782,21.160579552393834],[-101.62337395562777,21.16052062072725],[-101.62321584582887,21.160499308940988],[-101.6232608607083,21.160496026344152],[-101.62379235734149,21.15956421034473],[-101.62381030486709,21.15952658855817],[-101.62392352285933,21.15932746036041],[-101.62403673766838,21.159128331256277],[-101.62421788870365,21.158809726452052],[-101.62451550851569,21.1582963639531],[-101.62453372664385,21.158227287717466],[-101.62457253169676,21.15817508788624],[-101.62465979065868,21.158134483590228],[-101.62448373378875,21.157971162859475],[-101.62424095241614,21.15774202859285],[-101.62411045729418,21.157624887643717],[-101.62417951363715,21.15740487714561],[-101.62450737997696,21.15694611060177],[-101.62479329680477,21.156752076119325],[-101.62519799149555,21.156718709024595],[-101.62545599432887,21.156579277381432],[-101.62556588353553,21.15621161332275],[-101.62534759160665,21.155972960743075],[-101.62474894734679,21.155376987551115],[-101.62401295292803,21.15465379065284],[-101.62385669754012,21.15481103953258],[-101.62366487710621,21.15500601553774],[-101.6237947362353,21.155081144597826],[-101.62360744409446,21.155543030431886],[-101.62361118397361,21.155926150808313],[-101.6234661939592,21.15606237206747],[-101.62294678863769,21.155731778594525],[-101.62261385509476,21.15606682479856],[-101.62208870449595,21.156595303702847],[-101.62178285512783,21.15681404228632],[-101.62125930797674,21.15674734623213],[-101.62089250964297,21.15674156515356],[-101.62062478247215,21.1568087780303],[-101.62052648767661,21.15684060237282],[-101.6201391067032,21.156657362856368],[-101.61947345904588,21.156418882458976],[-101.61911506070886,21.156288286608564],[-101.61873645266076,21.15614980916772],[-101.61881803298527,21.156010868583945],[-101.61914697085429,21.155450647220682],[-101.61926329412915,21.1553883236841],[-101.61945934444498,21.155294858948878],[-101.620072951857,21.15561349697417],[-101.620515615047,21.15585043658117],[-101.62093691309343,21.156075938421036],[-101.62114106959648,21.156188017726524],[-101.62194366917166,21.15535173089622],[-101.62196856001755,21.155322002565264],[-101.62290946421125,21.154381286361858],[-101.62260219719327,21.154135800944278],[-101.62263108280958,21.154097505656967],[-101.62251950840927,21.15401336476529],[-101.62270657383851,21.153764743786418],[-101.620528943471,21.15231207999988],[-101.61982413083837,21.151827754772782],[-101.62006461426236,21.151483185789502],[-101.62021418989572,21.15152464224179],[-101.62039270336372,21.15151576837759],[-101.62044526733872,21.151490087779234],[-101.6205866610536,21.15145370491713],[-101.62062038931168,21.15144469724364],[-101.62078443798165,21.151402587149207],[-101.62085868868752,21.151384216268998],[-101.62123267333068,21.150864974884175],[-101.6219623709014,21.149400035002483],[-101.62203179411,21.149260657391363],[-101.62115524320043,21.14886413739808],[-101.62070211211383,21.14856671664171],[-101.62033574876236,21.149071427415738],[-101.61943294061678,21.148480320466525],[-101.61831493392067,21.14771018359429],[-101.61785759169877,21.14732768112053],[-101.61698867853534,21.146653146183947],[-101.61646590254534,21.146255818470326],[-101.61599465460723,21.145897650420835],[-101.61599906507293,21.145713518356445],[-101.61584633602828,21.14550207610668],[-101.61553974989283,21.145150393232576],[-101.61483493394537,21.146259908922026],[-101.61295359773085,21.148855829839786],[-101.61251065728396,21.149464944426203],[-101.61240812675717,21.149414660340582],[-101.61219764810456,21.14928980024318],[-101.61219712824679,21.14928949674472],[-101.61219690281374,21.149289359008932],[-101.6118334957233,21.149073109777326],[-101.61184137367731,21.148681853570647],[-101.61191485604382,21.14830217386344],[-101.61173384265385,21.147940108329266],[-101.61157338478601,21.147846280734722],[-101.61133450686185,21.147707375322884],[-101.61111112429109,21.147489012718637],[-101.61080665741008,21.14746202550415],[-101.61052794994559,21.147294331885224],[-101.61078388288807,21.147028981586985],[-101.61109913637904,21.14638081133682],[-101.61127400609432,21.145809809600316],[-101.61162315288428,21.145393767674303],[-101.61229451739962,21.145493765575257],[-101.61251460325171,21.14516393983988],[-101.6128933777512,21.145230895338194],[-101.61267459538537,21.14502616756659],[-101.61318445799044,21.145060336035353],[-101.61360371773198,21.145155144694545],[-101.61406127410301,21.144878619817668],[-101.61440052059298,21.144709028954832],[-101.61480353487863,21.144574761613917],[-101.6150360536937,21.14447561623093],[-101.61539949048866,21.144175699376113],[-101.61575542820015,21.144028780435416],[-101.61595810303119,21.14397022698349],[-101.61620270460222,21.143863249193426],[-101.61637106096606,21.143822425221792],[-101.61658214966542,21.143779029212954],[-101.61692052787119,21.143328525498905],[-101.61719120887228,21.14296697587044],[-101.6172747475422,21.142736359896965],[-101.61734300166161,21.142563311274888],[-101.61755463515941,21.142319247520724],[-101.61778521328311,21.141999559423315],[-101.6173748663157,21.141771130726877],[-101.61597065670782,21.140966510927413],[-101.61457272908862,21.140164501262017],[-101.61389304929386,21.13978229618758],[-101.61338994242841,21.139493601073667],[-101.61257191553891,21.13907965677003],[-101.61192560180261,21.138595620606882],[-101.61130063645898,21.13815511521223],[-101.61087410195454,21.138207713988617],[-101.61072923429457,21.13815427040963],[-101.61043669975508,21.138046350067626],[-101.61005395549734,21.137905148977772],[-101.6097414384708,21.137789855073876],[-101.60951913171706,21.137707841100156],[-101.60926973059989,21.137615830931125],[-101.6090560858444,21.137537011759388],[-101.60877008736644,21.136945740091065],[-101.60890619136424,21.136792675037157],[-101.60904718718562,21.136634108135635],[-101.60923019910571,21.136428288408425],[-101.60929431049888,21.13635618698418],[-101.60949780713229,21.13612732853512],[-101.60967903444539,21.13592351409816],[-101.60995928743186,21.135608330633477],[-101.61108627935428,21.134341366737768],[-101.61172447121,21.13355675104158],[-101.61192479128333,21.133334928854225],[-101.61110372877296,21.13294759382927],[-101.60993222548305,21.13239492798302],[-101.60913902378535,21.132020721596025],[-101.60831239143097,21.131661745486753],[-101.60268298227561,21.137529261431173],[-101.60249845358378,21.137500230306117],[-101.60237805919132,21.137531294441214],[-101.60219653803414,21.13759806750753],[-101.60159617195893,21.138027122151968],[-101.6012137274704,21.13836942363611],[-101.6007872677969,21.138677151184645],[-101.60080787327584,21.138533737427643],[-101.60108021871162,21.13827275385867],[-101.60089623806407,21.138123139563042],[-101.60053902435047,21.138445147061102],[-101.60036930394087,21.138714107247406],[-101.6002020445872,21.13897825290514],[-101.60008047396333,21.13927361056893],[-101.59958878147914,21.139691876461818],[-101.59926578873731,21.139954565643112],[-101.59900870406258,21.139617817216575],[-101.59881632836942,21.13953716366332],[-101.59856083500726,21.139487338326823],[-101.59838070229631,21.139401798997664],[-101.59820873786731,21.13937330330857],[-101.59767564020301,21.139100801688596],[-101.59746323711397,21.138966706138827],[-101.59736527887944,21.138879934064786],[-101.59719815408165,21.13873189291234],[-101.59711030959917,21.138804904372247],[-101.59721451860462,21.138951139379692],[-101.59732694109715,21.13905988408665],[-101.59747981618165,21.13918741727272],[-101.59788705622586,21.139428433695315],[-101.59812224575869,21.139523933491027],[-101.59829895698489,21.139714657571687],[-101.59836229285736,21.139783017353317],[-101.59841528858455,21.139901644390143],[-101.59858189668,21.139964777980577],[-101.59880982736692,21.139976012511845],[-101.59902152647727,21.13998788783333],[-101.59905664208932,21.140124369715863],[-101.59847260748447,21.14063544342766],[-101.59807508753931,21.140151196148516],[-101.59762584636589,21.139673714577484],[-101.5968765428255,21.13890805587617],[-101.5964024772569,21.138459295658638],[-101.5955064721294,21.137365413462863],[-101.59472757479627,21.13641448180395],[-101.594022043923,21.135553106754227],[-101.59391510689105,21.13542254855519],[-101.59409032154835,21.135291498118125],[-101.59432577361814,21.13506811839082],[-101.594913811109,21.134821590587016],[-101.59552401375286,21.134571982774467],[-101.59564010831396,21.134512871056266],[-101.59593021076108,21.134503643687125],[-101.59631619255465,21.13473660588765],[-101.59689681460826,21.13526572842425],[-101.59746322715701,21.134692044001042],[-101.59749262078016,21.134662272853024],[-101.59777759320113,21.134410401339736],[-101.59871917068592,21.133468593709914],[-101.59944216678913,21.132736100179237],[-101.59971001989183,21.132470141387323],[-101.6004187339928,21.131762676591315],[-101.60161090892406,21.130571928069045],[-101.60195927398739,21.13022545125574],[-101.60257535123415,21.129651846262902],[-101.60296543484002,21.12931053054761],[-101.60322846185053,21.129045166062085],[-101.60393505247083,21.12832782701871],[-101.60482921837743,21.127414737070996],[-101.60632954728915,21.125876529565524],[-101.60725855161711,21.124906202600233],[-101.60819991194357,21.123967447982352],[-101.60849757503367,21.123665420543933],[-101.60894757824879,21.123208325930086],[-101.60970555086404,21.122438400366377],[-101.61026165526668,21.121873519700088],[-101.61038353330126,21.12201790810134],[-101.6125453545243,21.1248892707533],[-101.6127316651953,21.12514064420318],[-101.612957265119,21.125445026681586],[-101.61326761724538,21.12585219693671],[-101.61355153919543,21.126217316912886],[-101.6136469245956,21.126112487911183],[-101.61392685893169,21.125873108610534],[-101.61420743411492,21.12549612428691],[-101.6146155863665,21.125077037796643],[-101.61513914716852,21.124618902834243],[-101.61555795286289,21.12411078672639],[-101.61616120737823,21.123493757586527],[-101.6167280712749,21.12306648158695],[-101.61688904453419,21.122911746816534],[-101.61710143334395,21.123005942595377],[-101.6179136613411,21.122208256357016],[-101.61895327116422,21.121214687274257],[-101.61989147442165,21.12037411249654],[-101.62113138869898,21.11945122287313],[-101.62141125175192,21.11905254469854],[-101.62181188011053,21.118673885473783],[-101.62151558238692,21.11849441558425],[-101.62134125443907,21.11833892600419],[-101.62126070780145,21.118261558837652],[-101.62119723710975,21.118213904676942],[-101.6211312511526,21.11814602420218],[-101.62103369022927,21.118063433440316],[-101.62086895721299,21.117903672988305],[-101.62060990953498,21.117694954680506],[-101.62038450017272,21.11750688725352],[-101.62024428525362,21.11738663073109],[-101.62028254491173,21.117351587931537],[-101.62046184296442,21.117169466666166],[-101.62060730622191,21.117028399214195],[-101.62080146830219,21.116831862010397],[-101.62103702105524,21.116594153667556],[-101.62125034721258,21.11638212056308],[-101.62135032960204,21.116226704633206],[-101.62061211313762,21.11559315475253],[-101.62004484978492,21.115126083232077],[-101.61980547518725,21.115063953877403],[-101.61946377909118,21.114742352976176],[-101.61897012291301,21.114291338204726],[-101.61850741320498,21.11386277574532],[-101.61828652036075,21.113676336611622],[-101.61468783671744,21.117313119410145],[-101.61445866579312,21.117118662141294],[-101.61390097728916,21.11667435353504],[-101.61330248313185,21.116167608032466],[-101.6119523110628,21.11762725696918],[-101.60792755286332,21.121631390252045],[-101.60781321845029,21.121552908832562],[-101.60706650371256,21.120974503644806],[-101.60657689918189,21.120622700599956],[-101.60611509671644,21.120329247932343],[-101.60596204765596,21.12021769057956],[-101.60584768980975,21.1203382358232],[-101.60534817762543,21.120837970668564],[-101.60460376387155,21.121563603519537],[-101.60386125587068,21.12232552868434],[-101.60402402227685,21.122439251990983],[-101.60450039391267,21.122775914611072],[-101.60497568293954,21.123131501640277],[-101.60574563049576,21.12363764378299],[-101.60584017992429,21.123704525927405],[-101.60571942365148,21.123826391728176],[-101.60529272043969,21.124234277812292],[-101.60485774610048,21.124699445585684],[-101.6045936773005,21.124967408776225],[-101.60418849855671,21.125383561193896],[-101.60378957651531,21.12580821632729],[-101.60348333594192,21.12611678255896],[-101.60294886319664,21.126654373789833],[-101.6020492052013,21.127620849514653],[-101.60162543556774,21.12802294978329],[-101.60145128009711,21.128197620635195],[-101.60113750645479,21.128505202626773],[-101.60085808577827,21.128820882382797],[-101.60070878185918,21.128938162573274],[-101.6004518750329,21.128778530155884],[-101.60028051588336,21.12863928258155],[-101.60015380794658,21.1285197934613],[-101.60008160099208,21.12843297666923],[-101.5999820028363,21.128323298973175],[-101.59987333102382,21.128170275143304],[-101.59971210137374,21.127883445599714],[-101.59969284229933,21.127777512042595],[-101.5996174402171,21.127534354538533],[-101.5995122061905,21.12731954549522],[-101.59939416589934,21.127145568939895],[-101.59914091718893,21.1269374111601],[-101.59888400284619,21.12674642742426],[-101.59836166235772,21.12640185481271],[-101.59801912675692,21.12620645039608],[-101.59772202793398,21.126689728678077],[-101.59759398469534,21.12688088782655],[-101.59746559153349,21.127051986176603],[-101.59737280235977,21.127162339950598],[-101.59724661414823,21.127284672394968],[-101.59654164453364,21.12678296865359],[-101.59600589829768,21.126405346330632],[-101.59545960017395,21.126020284107618],[-101.59561451355859,21.12523347685339],[-101.59567731893127,21.124914484709063],[-101.59573014396759,21.124622095163907],[-101.59543315888658,21.124429217884824],[-101.59503984463522,21.124173777854864],[-101.59442964574284,21.12377747718067],[-101.59425950373718,21.124015790211903],[-101.59418938849598,21.124114152963628],[-101.59312200648986,21.12558523603061],[-101.59298794721965,21.125768679149267],[-101.59295278326651,21.12574120566363],[-101.59267154120937,21.12555770622608],[-101.59250021081341,21.125447047546242],[-101.59224517559375,21.125282326897825],[-101.5919416740596,21.125086301188837],[-101.59166086791333,21.124904932946485],[-101.5914995958218,21.12480076939595],[-101.59126194306448,21.124906924850738],[-101.59084282769705,21.124636221015557],[-101.590395849912,21.12434751962783],[-101.59000516272937,21.12409517642409],[-101.58955789413321,21.124669108337816],[-101.58927546498468,21.125030976867986],[-101.58908900237664,21.125270104392033],[-101.58896232004494,21.125432569365607],[-101.58883700591238,21.125593275839204],[-101.58854047624445,21.125411356760004],[-101.58821704356276,21.125216302612795],[-101.58795202936986,21.12506270037021],[-101.58780914190629,21.1249798813868],[-101.58766799829353,21.124898073823665],[-101.58758362983383,21.12484917272126],[-101.5872263200737,21.124643490557443],[-101.58671829023417,21.124359388889637],[-101.5861631613987,21.124043936500044],[-101.58595664588438,21.12393764695887],[-101.5863528289262,21.123444202356612],[-101.58658212182846,21.1231586180265],[-101.58751987527894,21.121990632592073],[-101.58775337211438,21.12169980556391],[-101.58697717995385,21.12117706474458],[-101.58718112658246,21.120946598460502],[-101.58686006673062,21.120646444364723],[-101.58681676714762,21.12060675651105],[-101.5865443058828,21.12094567650595],[-101.58616066567667,21.121422891118865],[-101.58570687265036,21.12198736500547],[-101.58454590760371,21.12343146836695],[-101.58414483693304,21.123942819080163],[-101.58378424739726,21.123701720679097],[-101.58328459244846,21.12336763764226],[-101.58278457600936,21.123033309739284],[-101.58211707226646,21.122586989227436],[-101.58243800550697,21.122395366839932],[-101.5821532789804,21.122098771528282],[-101.5818402313305,21.121829292129057],[-101.58191339163615,21.121753461172556],[-101.58214160700547,21.121423693400075],[-101.58224650351369,21.12127211898678],[-101.582689430875,21.121540739152355],[-101.58299191403535,21.121339751883063],[-101.58303836043072,21.121248042865492],[-101.58310561400076,21.121098757632367],[-101.58313777372571,21.12097637993612],[-101.58309946104048,21.120778333427157],[-101.58309624036208,21.12062715219752],[-101.58323555512203,21.120311280611464],[-101.58322493958816,21.120227927270186],[-101.58325376009324,21.120225230479633],[-101.58323761528682,21.120022331501502],[-101.58325165489136,21.119901899036844],[-101.58329203224781,21.11955560794373],[-101.58333120748651,21.119219608716506],[-101.58338295909739,21.119230105151278],[-101.58354496284264,21.118904858663015],[-101.58362419684352,21.118824478694673],[-101.58384828912672,21.118570684550193],[-101.58382431112858,21.11850686758791],[-101.58376396381631,21.118346254121864],[-101.58364421229903,21.118239362247785],[-101.58356290184442,21.11814687890826],[-101.5834740162691,21.118012101817516],[-101.5834013897217,21.117916151341625],[-101.58358113890388,21.117796384185365],[-101.58396965648399,21.11753342391325],[-101.58448893942301,21.117181955063575],[-101.58483631595274,21.11694683676634],[-101.58524088462758,21.11667300680864],[-101.58552284830567,21.11648216022748],[-101.5857054530365,21.116358560275838],[-101.58591851057922,21.116178672105928],[-101.58631622814428,21.115824976514126],[-101.58647648239857,21.115618324795562],[-101.58668407474944,21.11535062847504],[-101.5868799597209,21.115098028136742],[-101.58674746325416,21.115026425482814],[-101.58638899163516,21.115384149814467],[-101.58612907133187,21.115549147222023],[-101.58581329101393,21.115740157809544],[-101.5856885609268,21.115815028102475],[-101.58562034380215,21.115707729510518],[-101.58557682455903,21.1156675424586],[-101.58552485766282,21.11568573604848],[-101.58533824736787,21.11564275097648],[-101.58522955743473,21.115645769773263],[-101.58507196470197,21.11560267948104],[-101.584876120519,21.11554912991807],[-101.58467031117469,21.115488892115934],[-101.58425593419514,21.115383963632887],[-101.58380555335026,21.115258658573474],[-101.58363193639829,21.115419889671983],[-101.58367535419664,21.115654556643232],[-101.58340572977733,21.116230700893944],[-101.58283259573402,21.117263445979574],[-101.58228641823155,21.11727385052211],[-101.58176905479682,21.11762468176348],[-101.58169629809875,21.117560152079967],[-101.58160604753348,21.11742043851306],[-101.58091948708245,21.117567206371056],[-101.58093827766804,21.117390526035976],[-101.58079925391891,21.117367864631543],[-101.58062120131507,21.11737237412453],[-101.58047440535783,21.117370551569035],[-101.58069520833577,21.117149023473438],[-101.58091990197734,21.11692358774961],[-101.58100669018026,21.11683630309502],[-101.58136784421488,21.116510999947124],[-101.58139087395077,21.11647437571639],[-101.58118659475873,21.11629129893298],[-101.58091636712784,21.116016131745187],[-101.58093935030575,21.115990448315284],[-101.58108579901568,21.115839653386168],[-101.58096969949273,21.115728406803484],[-101.58122086726591,21.11549746292953],[-101.58112632992497,21.115411067187814],[-101.5808577709867,21.115167514874212],[-101.58079454756123,21.11510030679328],[-101.58118361394718,21.114705476998946],[-101.58154794935447,21.11435899066319],[-101.58123389245375,21.11406636220716],[-101.58093431195739,21.11379919017271],[-101.58048788504748,21.11341348258888],[-101.58002226037843,21.113002905165818],[-101.57970638243485,21.112723398344684],[-101.57919787094144,21.11231347133208],[-101.57923203755189,21.112276381935963],[-101.5794086290235,21.112096395152815],[-101.5799991834946,21.111513734977397],[-101.57972096901028,21.111241202524603],[-101.5795302334104,21.111065464859692],[-101.57892445519472,21.110509402654884],[-101.57855460866692,21.11021321023552],[-101.57828622984398,21.10997206436074],[-101.57802966217488,21.109749602134308],[-101.57800242241883,21.10963681792074],[-101.57823272645925,21.10934206126914],[-101.5783363716122,21.109254881826004],[-101.57851925946451,21.109056067215068],[-101.5788816277878,21.108675494057795],[-101.57870392556357,21.108500624742867],[-101.5789284320909,21.10820529409762],[-101.57914514601795,21.10792020987281],[-101.57949133327158,21.107531151307473],[-101.57989874459028,21.10704304993494],[-101.58015309505876,21.10677399838758],[-101.58020258147188,21.10670382672894],[-101.58028427937982,21.106583168853465],[-101.58000111638786,21.106512625342546],[-101.57941846943852,21.1063653611053],[-101.57919617922293,21.106306141833237],[-101.5779168319653,21.105968009502504],[-101.57725372610747,21.10579331635726],[-101.57661190034757,21.10562416436309],[-101.57625828453762,21.10552760940788],[-101.57614923260077,21.10584946753564],[-101.5759694310131,21.106379710593203],[-101.57593877451329,21.106470117677553],[-101.5755855383121,21.10638546006892],[-101.57521716924467,21.106297174761885],[-101.57495331698185,21.106233937940864],[-101.57480104121252,21.10619744274574],[-101.57484142060541,21.106080546176056],[-101.57491432746602,21.10586803502471],[-101.57499307908093,21.10563848681039],[-101.57505047148405,21.10547119685352],[-101.57508238754657,21.105284250399233],[-101.57447498382761,21.105212233096957],[-101.57525243854407,21.10311829233428],[-101.57491478686597,21.103023016414905],[-101.57413739363923,21.102850822418144],[-101.57347192352141,21.10271996213085],[-101.57320330648017,21.10266523734801],[-101.57351452504422,21.10161920611668],[-101.57529888784055,21.102015479461652],[-101.57561333423551,21.10214469261101],[-101.57681616949067,21.102400587074772],[-101.57730706780818,21.102503747542208],[-101.57765060114282,21.10257654498768],[-101.57778554699561,21.102612448046877],[-101.57796797832721,21.10222713843771],[-101.57814926179232,21.101846965749225],[-101.57826665381201,21.10159714113454],[-101.57773159684315,21.101485940144013],[-101.57700571134957,21.101335076185862],[-101.57636243027375,21.101201377340885],[-101.57598688408663,21.101123104710194],[-101.57613329694885,21.100814646307224],[-101.57607360157355,21.100784412081815],[-101.57581827894084,21.10072993714781],[-101.57526073831964,21.10061098030224],[-101.57459433045078,21.100468086214345],[-101.57420303831236,21.10038379781992],[-101.57402639749992,21.100345747217215],[-101.57390286618994,21.100319136930235],[-101.57396470662525,21.10014169173054],[-101.57414256900819,21.099597843110196],[-101.57438083211659,21.09856584304868],[-101.5745860155644,21.09771261019278],[-101.57474971394181,21.097089036119197],[-101.5756116757182,21.097344370340835],[-101.57588827672609,21.097426328304458],[-101.57636771728575,21.097568387656153],[-101.57669861519555,21.0976656447806],[-101.5771237588787,21.097792403191654],[-101.57740036128993,21.0978743585109],[-101.57754576341136,21.09791602372153],[-101.57796072854548,21.098073993000444],[-101.57812952230567,21.098152608603996],[-101.57845224090183,21.098337562906984],[-101.57878583090529,21.0985118704053],[-101.57879797307535,21.098481574904714],[-101.57886846521656,21.098298942460147],[-101.57897439163881,21.098079457245362],[-101.57881115164416,21.098027652918038],[-101.57900681310129,21.097500809599627],[-101.5787390125288,21.097422139375425],[-101.5784593224073,21.0973399772401],[-101.57817557539528,21.09725662043387],[-101.57770422212621,21.097118152543306],[-101.57780492180363,21.096793256533264],[-101.5773665501036,21.09666538286431],[-101.57660418647144,21.096442996942162],[-101.57629972828242,21.09635426678957],[-101.57623389370798,21.096335382937433],[-101.57575301339926,21.096191343184245],[-101.57540356502209,21.096107818348223],[-101.57511600695969,21.095991821459016],[-101.57503296282928,21.09597062946826],[-101.57510498964386,21.095734903807237],[-101.57524418569501,21.095375741285384],[-101.57526862763717,21.095217248753954],[-101.57539418727879,21.094749651138034],[-101.57553174894258,21.094189702129704],[-101.57545640876809,21.09411982919793],[-101.57535421621327,21.09398823301919],[-101.57580753775618,21.093635298665625],[-101.5759994547863,21.09354728900427],[-101.57612293854218,21.093346861068966],[-101.57629650545061,21.09289606437297],[-101.57473901279126,21.091708949823218],[-101.56922383377666,21.091617423010607],[-101.56859098312258,21.09173618457954],[-101.56827451847377,21.091795571804763],[-101.56788777519813,21.091770590162394],[-101.56723100522578,21.09172816411509],[-101.56686375087929,21.09170443907797],[-101.56637242668178,21.09184767843755],[-101.56587698280607,21.09199211716654],[-101.56561079557778,21.092104706347016],[-101.56548045889089,21.092159834633964],[-101.56469047532212,21.091740129353923],[-101.56347466235584,21.09109417548022],[-101.56398295772469,21.090152575508156],[-101.56445103929094,21.0894477441897],[-101.56465634780493,21.089071045241084],[-101.56496065004842,21.08845797276053],[-101.56539703521427,21.087430536580637],[-101.56594677015057,21.086202642500055],[-101.56759868895642,21.086773090670032],[-101.57010812746726,21.087637210298777],[-101.57061523333053,21.087811825140854],[-101.57075142777413,21.08784378618965],[-101.57201305128532,21.088190976131617],[-101.5734024218543,21.08857330803265],[-101.57530761823601,21.089097564317868],[-101.57589474768956,21.089259120557617],[-101.5784718016946,21.09117322234281],[-101.57956296648015,21.09095434736747],[-101.57995189094012,21.09078321117038],[-101.58073913248342,21.090576939375556],[-101.58096398131049,21.0904487216355],[-101.58132308437204,21.09024622841889],[-101.5814916694865,21.09022067068958],[-101.58177550405227,21.09017431865754],[-101.5822437173086,21.090157558358694],[-101.5827842184783,21.090196369304877],[-101.58289356380884,21.090183516138456],[-101.58302574940309,21.090192096643516],[-101.58316427332763,21.090179135651002],[-101.58330818752471,21.09014485479738],[-101.58343460449551,21.090099058048075],[-101.5835724713672,21.09004812822517],[-101.5837674796242,21.089958345698882],[-101.58388211305049,21.089902087085758],[-101.58401318867357,21.08979183545236],[-101.58407387374982,21.08962312467456],[-101.58407385495465,21.089622717170823],[-101.58408856655518,21.089470576164707],[-101.58408015802874,21.089318786973468],[-101.58407142381078,21.089190523430045],[-101.58411208756398,21.089107525046924],[-101.58420416626562,21.089018256467657],[-101.58432944916713,21.08886034139262],[-101.58448877365835,21.088682182523403],[-101.58472017026997,21.088583617406563],[-101.58484051400599,21.088492823384033],[-101.58509527088047,21.088236883440683],[-101.58457035224993,21.087875806906936],[-101.58453334563008,21.087835128132717],[-101.5845912132946,21.087645963503714],[-101.58467030973239,21.087469027446517],[-101.58460687124783,21.08744668325347],[-101.58438728313577,21.087344233324394],[-101.58409739915076,21.0872166451353],[-101.58368892956906,21.08698290508312],[-101.58340882719715,21.08682754421221],[-101.5832123666016,21.087143156269878],[-101.58261646499906,21.086948452975797],[-101.58166528066596,21.08662282736333],[-101.58044431871613,21.08623288855922],[-101.57933838740195,21.085870510594862],[-101.57774218353913,21.08533954129841],[-101.57721572487661,21.086452043963423],[-101.57658773482184,21.086268075778772],[-101.57532107822543,21.085884656836694],[-101.5743578906121,21.085586535685454],[-101.57354969555564,21.08533883254967],[-101.57284833264558,21.08512664315741],[-101.57220752237791,21.084923305562565],[-101.57193935689155,21.08483159418983],[-101.57194503137131,21.084798278790185],[-101.57213805020744,21.08427540992259],[-101.57248949995228,21.083398297788555],[-101.57273631005256,21.082733876573013],[-101.57300840463735,21.082022567985103],[-101.57311312184375,21.081978608628944],[-101.57355224445148,21.08212762948711],[-101.57517926700409,21.08267976340655],[-101.57621114191627,21.083029921984973],[-101.57683018024431,21.083219121085747],[-101.57712817946884,21.08330324310967],[-101.577466950118,21.083371565256343],[-101.57883940327619,21.082976824406312],[-101.58014492851342,21.082525021764233],[-101.5806018308174,21.082064070947215],[-101.58090394830016,21.080587990501183],[-101.58368971093972,21.07990969083458],[-101.58477314534835,21.079649394316295],[-101.58553709861582,21.07985327444776],[-101.58586332651807,21.07999669460914],[-101.58637798053697,21.079716793097873],[-101.58681752780971,21.0794621804491],[-101.58744416013793,21.079145566459214],[-101.58789072609729,21.078955517606072],[-101.58836494363076,21.078780117701065],[-101.5886145771875,21.078687784502804],[-101.58871343742535,21.0785558638519],[-101.58896013045677,21.078154367493365],[-101.58908780862113,21.077790385835932],[-101.5893001074098,21.077351420250835],[-101.58933225367322,21.076915204501265],[-101.58936658372006,21.076252493035906],[-101.58941632970925,21.07559814607715],[-101.58948722087986,21.074938451242023],[-101.58909877214097,21.074729384136806],[-101.58825517295324,21.0743127813432],[-101.58737029968567,21.0738921673004],[-101.58757648615611,21.073471607474858],[-101.58727786705194,21.073348154407764],[-101.58633955316502,21.07292278360766],[-101.58587523189205,21.072720663951536],[-101.58542543756968,21.072524866082166],[-101.58531404566621,21.072656707172722],[-101.58455052436608,21.072304279177644],[-101.58400257228001,21.07205462946179],[-101.58338069818869,21.071768837267193],[-101.58305402486937,21.071598946874182],[-101.58283900632436,21.072058013526014],[-101.5825468775509,21.07265011851253],[-101.58232510583865,21.073072021406546],[-101.58198289806093,21.07377095310882],[-101.58166851685226,21.0744353736611],[-101.5812506035096,21.07524870253817],[-101.58093663154445,21.075871377546818],[-101.58089669277767,21.075848851518256],[-101.58038700824122,21.07567335705213],[-101.57894223903105,21.075175882968214],[-101.57672556649881,21.07441259018052],[-101.57588243417568,21.074122254526653],[-101.57536057796042,21.073942548070335],[-101.57528195124668,21.07324193797232],[-101.5744519808819,21.07286805252111],[-101.57353629886255,21.07249814666693],[-101.57160410734869,21.071714220702248],[-101.57050128397884,21.071269300118374],[-101.56886840797017,21.070596213460043],[-101.56794543937015,21.070212106133013],[-101.5675755431856,21.07007363199547],[-101.56749141490941,21.070046737432516],[-101.56750485941231,21.070120328082872],[-101.56758549439137,21.071152414282526],[-101.56771509669873,21.072538035561124],[-101.56790536205243,21.074792288611093],[-101.5679386649511,21.075257927142495],[-101.56800156792087,21.07597024456106],[-101.56810970981282,21.07673537220344],[-101.56816383331577,21.07767369089672],[-101.56833631593777,21.079234327931186],[-101.5684420803436,21.08020664608945],[-101.56823412646595,21.080145867025557],[-101.56743444802022,21.079875793532963],[-101.5668168842312,21.079694505720063],[-101.56579153457639,21.079320346570405],[-101.56498329361504,21.079043403548468],[-101.56401673306728,21.07868867546465],[-101.5639339316341,21.07888872923009],[-101.56345079456679,21.08010204835119],[-101.5633567972786,21.08038600733201],[-101.56314544534696,21.0809324812176],[-101.5629088464137,21.081482107569425],[-101.56247536971112,21.082551610128434],[-101.56253203601828,21.082584629098335],[-101.56325943631525,21.08284042033657],[-101.5642953469319,21.083204519458967],[-101.56546961800052,21.08361941535839],[-101.56524685769112,21.084102635463005],[-101.56491049496657,21.084841340716945],[-101.56456219833372,21.08560098878481],[-101.56393421003447,21.086964678922715],[-101.56384989757085,21.087208186060316],[-101.5554100166687,21.08426091707134],[-101.555642762036,21.08372969732167],[-101.55604112583232,21.08282046060797],[-101.55646032825372,21.081863650005285],[-101.55680260636413,21.081082407133035],[-101.55695043069463,21.080640585809228],[-101.55700967264993,21.08066079060379],[-101.55768927763842,21.080892571678206],[-101.55833631618987,21.081113242562736],[-101.55837034316856,21.08103161508846],[-101.5587150910761,21.080204605884614],[-101.55902699940278,21.079456366321544],[-101.55934591458974,21.078691311910177],[-101.55951763738904,21.07827935869771],[-101.55977487533426,21.077662253720014],[-101.5598953117954,21.077365687360214],[-101.55962447799223,21.07725040269843],[-101.55914803942527,21.077093093034794],[-101.55867766612981,21.076917745205584],[-101.55870824411656,21.076842512111565],[-101.55895135383288,21.076338371981702],[-101.55909234893274,21.07607404507049],[-101.55933393355267,21.075543009714846],[-101.55976302899136,21.074734981534128],[-101.56004910732058,21.074197292401692],[-101.56029449553094,21.073773974770766],[-101.56012521852224,21.073709118580368],[-101.55973961606561,21.07358172341258],[-101.55988003480599,21.073303421567125],[-101.56002589819434,21.07300763966224],[-101.5603016921774,21.07251782411408],[-101.56045724882036,21.072230937919105],[-101.56050240267875,21.072130383167494],[-101.55971996638466,21.071856096696436],[-101.55884110929256,21.07154801685896],[-101.55850357895459,21.072230560590665],[-101.55795555663154,21.071927449668035],[-101.55765743162449,21.071762555519356],[-101.55784026506772,21.071563135161604],[-101.5573964137294,21.071372048746476],[-101.55700908312862,21.071205273254265],[-101.55676135016246,21.071098614850513],[-101.55666484849094,21.0700660964507],[-101.55664659953578,21.069989988901934],[-101.55650311006985,21.068884244327094],[-101.55636325689413,21.06777026207196],[-101.55634668464697,21.067666886366467],[-101.55633401638273,21.067614250404844],[-101.55672339918947,21.06757719221454],[-101.5573708349224,21.067515572223797],[-101.55757125771244,21.067494711793294],[-101.55744481755022,21.067093285193994],[-101.55704745676414,21.06732903443664],[-101.5565933507987,21.066822319738584],[-101.55632761037499,21.066517687259083],[-101.55617461905669,21.066342304297926],[-101.55615211746506,21.06622574383964],[-101.55613449187538,21.0660851672713],[-101.55621819859523,21.0660206295897],[-101.55639648208373,21.065891390379004],[-101.5566263144338,21.065724633043455],[-101.55686252881978,21.065549614531783],[-101.55711396095539,21.065374366443255],[-101.55682911788276,21.065173189083577],[-101.5565385941004,21.064923453697617],[-101.55651803249977,21.064910572833607],[-101.5567739988142,21.06472803121387],[-101.55703348155392,21.064542980283004],[-101.55739430842154,21.064285655450067],[-101.55759210333927,21.064145880684993],[-101.5576511640769,21.064097778708124],[-101.55781954146155,21.06397425699448],[-101.55751619693292,21.06368566324504],[-101.5573344150132,21.063453289734447],[-101.55711227040797,21.06321136490174],[-101.55683377545678,21.062748237677265],[-101.55666363600838,21.06283497680272],[-101.55662881092614,21.062787608038516],[-101.55655763988608,21.062694344703875],[-101.55627491268416,21.062331691708945],[-101.55621025919719,21.06224872311248],[-101.55675890028981,21.061911246401465],[-101.55705577219972,21.062342576871792],[-101.55738962846367,21.062096364721427],[-101.55773908062942,21.0624421786934],[-101.55794126112711,21.062281476757295],[-101.55781420228536,21.062146751221192],[-101.55851094078017,21.061575119626582],[-101.55976203817505,21.062872494059793],[-101.56082457782767,21.062296394141836],[-101.56023930558923,21.061730186235884],[-101.55977662981651,21.061278636934706],[-101.55906821825405,21.06058513034572],[-101.559877409146,21.060237790610927],[-101.56004837141612,21.06047247140406],[-101.56094857770351,21.06002184236856],[-101.56104235070772,21.060134902132557],[-101.56117974664998,21.060300549461367],[-101.56129030908131,21.06043384538669],[-101.56136371119169,21.060522340017535],[-101.56143146332093,21.06040894981165],[-101.56149387406634,21.060299774050527],[-101.56156732032102,21.06018493103945],[-101.56164366771871,21.060069675434082],[-101.56171102371941,21.059978358986235],[-101.56175890599768,21.059914829982077],[-101.56164064680658,21.059756833037493],[-101.56146904470695,21.05952756795077],[-101.56139960002436,21.059445276923803],[-101.56170256262646,21.059340093129354],[-101.5622242137406,21.059128687024568],[-101.56276088326176,21.058902719394805],[-101.56343080703654,21.058611671464046],[-101.56426219807216,21.058298115509928],[-101.56477350269341,21.058147869805374],[-101.56988233586348,21.059503639863173],[-101.57000204716265,21.059183629371297],[-101.57026446515685,21.05863785949025],[-101.57094086462384,21.05730322517324],[-101.5704964666877,21.057055544961393],[-101.5696098861315,21.05632291912863],[-101.56916020096051,21.055951316950928],[-101.56898732976713,21.05580846211363],[-101.5691437104816,21.05568402837952],[-101.56903180556459,21.055584319604755],[-101.56880348047643,21.055427099613294],[-101.56869109096931,21.05534964583172],[-101.56820597033027,21.05501427311638],[-101.56781162076497,21.05474049433152],[-101.56763811414996,21.054627038647006],[-101.5677434791566,21.05441544345033],[-101.56786464786634,21.054172054726855],[-101.56809989411363,21.053703164829408],[-101.5682366423648,21.05343162004387],[-101.56845221490572,21.053003604435066],[-101.56886024036677,21.052267603741434],[-101.5691433442109,21.05169426880097],[-101.56937931768286,21.051217551624195],[-101.56972285853129,21.050523210782092],[-101.56994470840152,21.050073798807112],[-101.57004749775675,21.04986583127076],[-101.57020490932247,21.049616537291474],[-101.57084071366167,21.050127201559725],[-101.57179105895895,21.05087533966833],[-101.57339819829072,21.05216964804888],[-101.5747079891774,21.053219049974977],[-101.57745797441225,21.055439104031986],[-101.57922614181217,21.056857034984468],[-101.58141156169818,21.058619124671207],[-101.58213361134598,21.05919932889424],[-101.58230590861409,21.058978821232543],[-101.58260640027723,21.058518455847544],[-101.58292850894078,21.058072094299796],[-101.58334690833367,21.057414897531736],[-101.5833983113632,21.05735023148349],[-101.58357738282558,21.05711836860516],[-101.58385779427536,21.05673788157372],[-101.58418178851974,21.056302542827655],[-101.5844119640509,21.055973911279917],[-101.58460387582589,21.055721725150956],[-101.5848684888321,21.05538173126347],[-101.58521726400022,21.05494911015602],[-101.58531069748733,21.055011164684622],[-101.58566805344101,21.055238336681903],[-101.58609369765217,21.05551221268627],[-101.58627288007649,21.05562044493624],[-101.58729243891658,21.056245744607914],[-101.58831841039726,21.05692098462211],[-101.58917988458478,21.057393621955285],[-101.58972532129636,21.057678925433283],[-101.59021538773963,21.057954276863157],[-101.59069580970841,21.05820386597011],[-101.59090426942635,21.057889789365188],[-101.59125570095816,21.057331723007472],[-101.59158480943594,21.056812858778123],[-101.59200745956565,21.056117687511758],[-101.59238538071584,21.055491820905377],[-101.58984062243408,21.0541720127538],[-101.59114066118235,21.052032790551134],[-101.59083958818395,21.05187273177614],[-101.59058934879764,21.051752217033076],[-101.58980856750597,21.051383318068147],[-101.58938964782801,21.051174258463657],[-101.5899671784505,21.05035931129129],[-101.59042954238207,21.04969979517107],[-101.5908413441017,21.049112395600556],[-101.59108279638883,21.04922119123594],[-101.59115814648337,21.04909476911444],[-101.59143338643113,21.04851794939587],[-101.5916928952107,21.047974091256478],[-101.59185017316061,21.047644480247932],[-101.59200745046952,21.047314868251174],[-101.59223287879772,21.04684242735598],[-101.59233609784802,21.04662610547263],[-101.59242173105417,21.046473664586237],[-101.59280102511859,21.046680170262377],[-101.59351942429826,21.04705606108021],[-101.59389903896694,21.047247672670323],[-101.59417703796016,21.047398200017845],[-101.59479245761621,21.047698622727456],[-101.59507056562238,21.04783899521452],[-101.59512594809894,21.04786694892554],[-101.5953170298886,21.04796339517923],[-101.59549514063026,21.0480567791531],[-101.5955947291765,21.0477380872318],[-101.59616833212719,21.045902486014946],[-101.59503116778797,21.04532193021125],[-101.5949657645262,21.045283427507055],[-101.59480999508341,21.0450221650802],[-101.59550661126303,21.044693327049085],[-101.59648834166813,21.044254063460617],[-101.59665574067466,21.04417699000803],[-101.59692282969034,21.044324078911544],[-101.59758787015852,21.044693227846025],[-101.59902261735947,21.045489628150694],[-101.59986786440452,21.04596742818551],[-101.60083358030893,21.0465238468148],[-101.60159552981108,21.046962853724917],[-101.6028145881829,21.04766522003457],[-101.60369186266534,21.04816825953379],[-101.60441305532062,21.04858227998783],[-101.60574438270919,21.049346565775686],[-101.60653244504476,21.049798942072435],[-101.60729688022616,21.05022837173559],[-101.60855600729671,21.050902889706848],[-101.60904198028288,21.051156224546606],[-101.60990533193508,21.05162657895253],[-101.61078636271577,21.052137129631284],[-101.61175708906818,21.052696726059576],[-101.61267557266616,21.053230989170864],[-101.61407150848007,21.054048119967337],[-101.61497685039963,21.054569555400086],[-101.6179842302387,21.056323211768984],[-101.61988982177556,21.057432211514975],[-101.6203103550624,21.0576767908185],[-101.62059395057595,21.057841823949627],[-101.62087493535545,21.058005336937704],[-101.62112379014725,21.058150151850267],[-101.6225525066808,21.058981545005267],[-101.62388220618065,21.059755653273484],[-101.62467877156355,21.06022706316455],[-101.62601827412652,21.06102712546785],[-101.62690180542467,21.06155483272273],[-101.62743393840864,21.061872655844514],[-101.62870670740901,21.06263281978513],[-101.62956219241666,21.063143749597423],[-101.6306749556297,21.063808323852886],[-101.63211497516576,21.064668338818123],[-101.63260060999174,21.064958469253682],[-101.63321681371778,21.065327774291745],[-101.63405556563691,21.065830892379864],[-101.63492190408918,21.066350549628474],[-101.63569597709167,21.0668148559313],[-101.63649617118142,21.067294823097114],[-101.63743641029382,21.06783582385519],[-101.63808018556992,21.06819953599708],[-101.63896263953175,21.06869753501223],[-101.63950652086794,21.069004461724507],[-101.64004449547133,21.06930805198503],[-101.64081511494295,21.06974292316868],[-101.64133829316654,21.07003815621205],[-101.64202378591206,21.070425125871562],[-101.64283681609409,21.070884200623404],[-101.64354409764931,21.071278444030906],[-101.6441886851051,21.071647508321863],[-101.64483262804993,21.072010176732697],[-101.64570448178321,21.072500235581916],[-101.64641532056336,21.072906081096853],[-101.64711904790848,21.073302020329635],[-101.6475604010553,21.073554401570142],[-101.64800770714449,21.073818467379212],[-101.64846231151462,21.074086302490304],[-101.64908934662034,21.074429920164334],[-101.64986302284841,21.074886644465003],[-101.65030375065392,21.07514850123856],[-101.65108965711686,21.075613573429766],[-101.65197669167155,21.076114780508107],[-101.65254589568003,21.076438864820464],[-101.65313367654568,21.07678916383528],[-101.65380947019536,21.077172947095963],[-101.6540720240371,21.077322747044768],[-101.65457039234444,21.077625539223394],[-101.65489647491239,21.07782372974332],[-101.6553961921477,21.07812312078333],[-101.65603040493409,21.078503585286395],[-101.65692027329855,21.079020829943843],[-101.65741025224709,21.07929989155956],[-101.65804644338274,21.07965829455933],[-101.6582271771861,21.079765206414926],[-101.65863644513203,21.079484011351397],[-101.65935410119177,21.07899501268885],[-101.66002638682421,21.078536923322755],[-101.6605011609079,21.078213413430838],[-101.6609686512558,21.077902828961506],[-101.66164756556944,21.077447806863265],[-101.66219194930719,21.07708737998398],[-101.66282728461846,21.076661519454223],[-101.66329663632052,21.076350670256367],[-101.6636115135442,21.076140543298067],[-101.66384196907566,21.075984391616224],[-101.6641350557079,21.07578880441215],[-101.66484241430464,21.075316754729013],[-101.66562239486998,21.07479623490161],[-101.66662708729724,21.07412574362964],[-101.66730990509251,21.07367005207374],[-101.6678506939529,21.07330914254679],[-101.66857963681419,21.07282265836482],[-101.66930388192073,21.072339303957058],[-101.66959661407172,21.072143935611333],[-101.66995874902669,21.07187083829259],[-101.6702530419484,21.071641318220774],[-101.67066853906222,21.071308127911532],[-101.67104653726382,21.071035076096873],[-101.67124304531124,21.07089312532191],[-101.67157193224699,21.07066932073578],[-101.67208624774443,21.070320760065318],[-101.67263570699356,21.069908491485105],[-101.67295287604168,21.069676300340365],[-101.67324726779319,21.069470706623832],[-101.67347897228211,21.069312209233274],[-101.67366970984317,21.069171951031723],[-101.6738809818496,21.069014040218047],[-101.67372297679427,21.068921791284314],[-101.67349021956103,21.068791960019663],[-101.67323711453622,21.06864390044142],[-101.67333576273543,21.068468016499722],[-101.67344257371708,21.06829286498533],[-101.67356004829777,21.068031120763777],[-101.67356214232063,21.06769284429186],[-101.67395269337628,21.06786220153671],[-101.6742504066578,21.067989252189882],[-101.67448769562777,21.068080052793164],[-101.67457196901435,21.068110953296173],[-101.6747734995418,21.068183991054706],[-101.67492104981027,21.06823708861987],[-101.67503022675616,21.068273152138463],[-101.6752641362128,21.06834871432921],[-101.67561392511163,21.06844065888694],[-101.67626064396187,21.068590714716706],[-101.6766705856648,21.068684796808533],[-101.67690026549492,21.068737508095055],[-101.67699156833633,21.068756803134992],[-101.67750676916512,21.06886370198942],[-101.67753663895672,21.06872526695535],[-101.6775362744393,21.068704911156765],[-101.6775351032761,21.068639509556473],[-101.6775287579051,21.068156132898892],[-101.67751534480489,21.067691904382283],[-101.67749208219273,21.066868636360347],[-101.67748520819026,21.066628005073145],[-101.67748034795667,21.066457863631005],[-101.67729797960341,21.066429714599227],[-101.67728571087213,21.06638271720119],[-101.67730179726333,21.06624708967102],[-101.67737389078893,21.065856687537845],[-101.67747923969212,21.065458412909525],[-101.67750197054899,21.065382362274303],[-101.67755198478397,21.065382204515377],[-101.67761089840405,21.065382018666337],[-101.67768554197369,21.06485932255796],[-101.67778290637848,21.06417751921074],[-101.67793123173196,21.06313885005725],[-101.67801620203922,21.062555667466125],[-101.67807258199475,21.062182172172864],[-101.67814049459258,21.06178572241791],[-101.67821962586058,21.061303121339023],[-101.67825523938045,21.061172201076218],[-101.67835848052567,21.060827029327633],[-101.67842913568916,21.06058734537631],[-101.6784534225017,21.060456538829047],[-101.67850977352055,21.060161254148554],[-101.67861904555105,21.05957272652414],[-101.67868653738384,21.05920100727075],[-101.67873875598293,21.058919761337396],[-101.67880450645355,21.058567621345365],[-101.67893625669485,21.057896285410745],[-101.6789811768677,21.057681296824125],[-101.67910255990004,21.057073587285124],[-101.67912926437893,21.056840630906034],[-101.67931085207294,21.056861747930046],[-101.67990070583807,21.05697815722067],[-101.68140488234748,21.05726558846922],[-101.68187333299349,21.05736202621109],[-101.68250920542465,21.05748094639842],[-101.68308297929933,21.05759808682717],[-101.68357617428025,21.05769402496129],[-101.68436561195551,21.057844649224023],[-101.68511986853244,21.057994498928608],[-101.68589278625245,21.058138592238944],[-101.68652764177892,21.058256448252443],[-101.68686105390802,21.058307414261737],[-101.68698547847993,21.058324633953983],[-101.68682292383166,21.058860700844377],[-101.68669609875079,21.059288246782103],[-101.68658846008951,21.059629916440276],[-101.68680467248468,21.059688232941898],[-101.68773919260319,21.059942606637374],[-101.68784568829393,21.059973118493488],[-101.68811032406322,21.060065268415702],[-101.68887668425596,21.060273479206273],[-101.68975069684551,21.060510932756337],[-101.69030923311918,21.06066451235852],[-101.69065946389871,21.060753397844664],[-101.69083058738022,21.060810989367493],[-101.69105680849589,21.060886019462142],[-101.69126701271406,21.060955736928417],[-101.6919952530839,21.06115509790635],[-101.6927344370138,21.061357450898015],[-101.69409098388887,21.061728798031456],[-101.69426037202062,21.061775166165955],[-101.69409486766149,21.062071181412108],[-101.69391249495472,21.062450611909384],[-101.6936971590527,21.062867318292138],[-101.69364966775144,21.062972708373806],[-101.69356684948646,21.06316970751168],[-101.69348361779186,21.063273090212636],[-101.69345932036752,21.063303270190655],[-101.6933620363132,21.063523402899765],[-101.69324219981137,21.063799907727432],[-101.69317849103136,21.063949678776456],[-101.69329204937391,21.063989376181173],[-101.69382515246768,21.06412637298067],[-101.69393884620757,21.06415558973382],[-101.69441909521993,21.064256890029018],[-101.6947037344667,21.06431558948606],[-101.69520333972363,21.064416399230907],[-101.69536013186412,21.064447548349637],[-101.6954882838983,21.064473351366697],[-101.69553650490941,21.06448483232572],[-101.69563471349585,21.064508214796046],[-101.69580190862683,21.064548022112557],[-101.69583226475105,21.06455524955029],[-101.69589135933384,21.064570607578325],[-101.69595243182775,21.064587359267495],[-101.6960665093337,21.06461864972984],[-101.69602526705769,21.064686843209078],[-101.6959713967907,21.06477591678304],[-101.69593510155076,21.06483593028555],[-101.69588253696142,21.064921916216242],[-101.69584585919286,21.064980424838083],[-101.69580709308775,21.065042264736086],[-101.69577990685846,21.065089287504676],[-101.69573677184974,21.06517578464219],[-101.69570414423913,21.065241211594177],[-101.69565914242227,21.06533145199718],[-101.6956334421246,21.065383158834976],[-101.69556920442143,21.06551239954051],[-101.69551360611621,21.065627184057487],[-101.69547154849134,21.06571675677358],[-101.69543428436667,21.06578916982847],[-101.6953928121909,21.0658658772969],[-101.69533672224401,21.065967188516154],[-101.69553608866723,21.0660146746931],[-101.69564346902386,21.06604334479016],[-101.69580100542939,21.066085936434707],[-101.69577153540189,21.066169478161708],[-101.6957467731042,21.066239674338462],[-101.69570896437426,21.066331101869395],[-101.6956769920265,21.06640841601861],[-101.69561989209475,21.066546492423623],[-101.69557930727237,21.066645705976054],[-101.6955477788996,21.066731354010386],[-101.69552213162036,21.066801025764473],[-101.69548503734582,21.066901793590585],[-101.69545488646024,21.06698369938203],[-101.69541525814853,21.06708645222479],[-101.69533223403074,21.067299195379523],[-101.69543534192877,21.06730585679735],[-101.69551196322715,21.06731080697308],[-101.69540280064255,21.067549282817936],[-101.69525857466382,21.067865394689328],[-101.69515838426726,21.068083230577383],[-101.69501678670684,21.06839359836772],[-101.6949513338651,21.068535546466784],[-101.69481128216185,21.06884532478121],[-101.69466201115794,21.069185158836095],[-101.69457836337614,21.069374244119395],[-101.69438566323066,21.069815727285985],[-101.69428638965927,21.070055324953017],[-101.69417399653854,21.070326586452648],[-101.69407939457109,21.07055490829164],[-101.69400330228356,21.070740107564056],[-101.6938726551765,21.071053871578062],[-101.69380984001458,21.07120547468622],[-101.69371666740713,21.071430344349444],[-101.69366282384435,21.071557261608785],[-101.69358916995175,21.071725494030286],[-101.69346144434665,21.072015931583373],[-101.69342212192032,21.072124338584924],[-101.69338510382721,21.07221558952446],[-101.69335506339225,21.07229429725189],[-101.69331780996335,21.072381597571027],[-101.6930683925043,21.072324406405713],[-101.6927558861578,21.072248972746763],[-101.6923944323445,21.07217168821093],[-101.69187858031937,21.072061671968203],[-101.690673534296,21.071794720041876],[-101.69013335324432,21.07168175616994],[-101.68972159326573,21.071596180582798],[-101.68944710110533,21.071539727697527],[-101.68933024593086,21.07177218539311],[-101.68924458508346,21.07194258838189],[-101.68902533843072,21.072378728563038],[-101.68890371541049,21.072620668184108],[-101.68869083351542,21.073044143459914],[-101.68847260169397,21.073478258653434],[-101.68833611848312,21.073749755097353],[-101.68820592445168,21.074008740060403],[-101.68810191139701,21.074215644783187],[-101.68795273881094,21.07451298142652],[-101.6879096806117,21.074598633127653],[-101.68778136768356,21.074862430263842],[-101.68766935000639,21.075096002537357],[-101.68753499737966,21.07537390859448],[-101.6872820682781,21.075893221167313],[-101.6870959954356,21.076271199229655],[-101.68695484410264,21.076558458794853],[-101.68672691477197,21.077018938669774],[-101.68663380983934,21.077205061045028],[-101.68657057326372,21.077322596755145],[-101.68647626091678,21.077498368269083],[-101.68655072433617,21.077503262322328],[-101.68694039837276,21.077434028179677],[-101.68695386359222,21.07758351696314],[-101.68697005450159,21.07776326526507],[-101.68698778718816,21.07796012923349],[-101.68701729672964,21.07840887443469],[-101.68692182210494,21.078428858044262],[-101.68667835791581,21.078502548692967],[-101.6865449851102,21.078542917202086],[-101.6864018869397,21.078576812953475],[-101.68609495579676,21.078649515473963],[-101.6857928126566,21.078721083267972],[-101.68553516136447,21.07878345271979],[-101.6854380466155,21.078806961100828],[-101.68513616029145,21.078900847639414],[-101.6849136387609,21.078970051349554],[-101.68475159796874,21.079048029897436],[-101.68464159512358,21.07912723477536],[-101.68460378840275,21.07919009322181],[-101.6845882161314,21.079215984073578],[-101.6845589023546,21.079292748409195],[-101.68453263013662,21.07936154771883],[-101.68451626719659,21.079404397478562],[-101.6844330866847,21.07954146900387],[-101.684393482051,21.079603243301978],[-101.68430535745884,21.079741859441768],[-101.6842423009946,21.079848558197902],[-101.6842037215025,21.079913839037804],[-101.68418118038619,21.079993762664866],[-101.68415165378055,21.08009845450944],[-101.68413217447394,21.080182348991052],[-101.68411300124595,21.080266167550437],[-101.68409336721078,21.080352000522133],[-101.6840878280141,21.080376215892947],[-101.68405600342727,21.080470123891203],[-101.68403539606834,21.080530932036304],[-101.68402402005262,21.080564500337747],[-101.68399544289352,21.080621996417662],[-101.68394934799619,21.08071473738281],[-101.68390951316111,21.08077136699734],[-101.68384951779063,21.080856656948963],[-101.68379426391525,21.08093429835341],[-101.6837354169684,21.081005220070708],[-101.68366283728139,21.081092692230193],[-101.68359119312929,21.08117903677425],[-101.68354445354107,21.08123357631555],[-101.68345531995647,21.08133758447494],[-101.68336350827308,21.081444717469026],[-101.68321915668237,21.08161315772454],[-101.68314518483035,21.081699473446797],[-101.68307627723195,21.08177987972147],[-101.68301994827281,21.081845608269234],[-101.68293650057174,21.081942980722218],[-101.68289513556496,21.08199124816815],[-101.68280743866933,21.082093578623503],[-101.68275529178663,21.082154426925136],[-101.68266344626592,21.082261597977887],[-101.68260185645327,21.08233346468817],[-101.68248903440282,21.082465112047228],[-101.68237193227243,21.08260175335525],[-101.68227848332693,21.082710794587527],[-101.68219193052795,21.082811788853892],[-101.68214196705871,21.08287015031842],[-101.68197451912457,21.08306547495166],[-101.68183950882978,21.083223010939196],[-101.68176844245015,21.083305934174213],[-101.68159598949272,21.083507159058307],[-101.68135156930373,21.083792357005283],[-101.6814060394758,21.08383494772902],[-101.6815346236731,21.08392287533313],[-101.68164787843921,21.083999831565254],[-101.6817227440569,21.084050702409524],[-101.68179658379815,21.084102335357933],[-101.68190218899014,21.084180991058144],[-101.68201751160309,21.08426688419959],[-101.68205878378619,21.084297623982987],[-101.68209390091823,21.084321922830913],[-101.68217944808787,21.084380471361477],[-101.68229597508657,21.08446022235133],[-101.68241650973911,21.084542715990878],[-101.68249824227524,21.0845986534437],[-101.6825540269631,21.08463728219205],[-101.68260846618101,21.084676864419553],[-101.68268552953356,21.08473289636585],[-101.68275882139864,21.084786186026985],[-101.6828310069601,21.084838671234817],[-101.68284438005624,21.08484839463574],[-101.6828790313653,21.084871202894828],[-101.68295819885601,21.084921220450276],[-101.68306977029707,21.08499171050406],[-101.68316844884414,21.085056072462866],[-101.6832658978634,21.0851212851262],[-101.68342458614312,21.08522747870605],[-101.68351243814207,21.085286268785026],[-101.68361402652003,21.08535425105194],[-101.68363874786229,21.0853724963261],[-101.68372256948714,21.085435976631814],[-101.683811177864,21.08550308195856],[-101.68393277400165,21.085595169550874],[-101.68401087408027,21.08565282683418],[-101.6841662035835,21.0857557656458],[-101.6842872726258,21.08583784290902],[-101.68436128472604,21.085890419028892],[-101.68443681224944,21.085944071586425],[-101.684509870445,21.08599504076801],[-101.68461978786807,21.086069964620552],[-101.68469397879865,21.086120535862953],[-101.68479409986118,21.086139971222345],[-101.68479032338641,21.086015629360652],[-101.68478911089007,21.08597570732572],[-101.68484631700683,21.085974461610736],[-101.6851548469993,21.08596725905133],[-101.68559921078564,21.085952712668124],[-101.68586705601052,21.085943944111236],[-101.6862943051707,21.08591247835796],[-101.686602038121,21.085888682335824],[-101.68683098143892,21.085872952686277],[-101.68735835763974,21.085849990855266],[-101.6873498457818,21.085744903099247],[-101.68733249266056,21.08549913106944],[-101.68731448940382,21.085308388974134],[-101.68731294818448,21.085289360790973],[-101.68731074523942,21.085262162802763],[-101.68735436001391,21.0852506868826],[-101.68745819384937,21.085223366071464],[-101.6876566588418,21.08517114566334],[-101.6878045487803,21.085132232469697],[-101.68798312863366,21.0850852438707],[-101.68818514950775,21.085032087127562],[-101.68832583585193,21.08499506887285],[-101.68846567606111,21.084958273128073],[-101.68865360936661,21.084908822583408],[-101.68884872933938,21.084857480776236],[-101.68909501317677,21.08479267588982],[-101.68941832248062,21.08470760261247],[-101.68960583156881,21.084658262506185],[-101.68965500764284,21.084645322546937],[-101.68967482004695,21.084640109200222],[-101.68967734832628,21.08467180757709],[-101.68967882565931,21.084690329672526],[-101.68974279567489,21.08549234732163],[-101.68976004376607,21.085708590910784],[-101.68979182002191,21.085706195603755],[-101.68988844083867,21.08569891225064],[-101.6899719329055,21.085692618508546],[-101.68999600437891,21.085690803961405],[-101.69026367500173,21.085709574894498],[-101.69042409194546,21.08571840946485],[-101.69060601199087,21.085718525766758],[-101.69079832428108,21.085718648499952],[-101.69120791735534,21.085718909173348],[-101.69149048875997,21.08571486275433],[-101.69181943532641,21.085709641113393],[-101.69209552857022,21.085705257964452],[-101.6921002189362,21.085829019873163],[-101.69212004876218,21.086220747133346],[-101.6921297758845,21.08655314450236],[-101.69213399739591,21.0867098096635],[-101.69215299263885,21.08704584801629],[-101.69217435038361,21.08752777383521],[-101.69217649302945,21.087662344475632],[-101.69218714458108,21.087926461821926],[-101.69219651855563,21.08812782907557],[-101.69220800280986,21.088275452321295],[-101.69222660716055,21.088514599050594],[-101.69224720472752,21.08877936566116],[-101.69226857874419,21.08905411117749],[-101.69228967345023,21.089325264601296],[-101.69233156321354,21.089837853494117],[-101.69234221683865,21.090045611295142],[-101.69236249422973,21.090261296442012],[-101.69239438544714,21.09067121667645],[-101.69241672436168,21.090958352035734],[-101.69243375064738,21.091177199683887],[-101.69246570177144,21.091587880873295],[-101.69247702385309,21.09173340735906],[-101.69248299882555,21.09181020546457],[-101.69251749862352,21.091813932162953],[-101.69279978889492,21.09184552215211],[-101.69325042317656,21.09189230791193],[-101.69376900297304,21.091941404530882],[-101.69422855806118,21.091983134651752],[-101.69441119661674,21.0919995416515],[-101.69461906194852,21.09202376990451],[-101.69497768915969,21.092067119484625],[-101.69515973352388,21.092091096263445],[-101.69559000290702,21.092149126255723],[-101.6958464471882,21.09218454319604],[-101.69601031220331,21.092207174007367],[-101.69615743539254,21.0922378924518],[-101.69636628116356,21.092281497955735],[-101.69632422235047,21.092415379395185],[-101.69625965291218,21.09262091617002],[-101.69610370288132,21.093098250603195],[-101.69604696231902,21.09329004081309],[-101.69602883408353,21.093351316434482],[-101.69623944932707,21.093394302790497],[-101.69681462510125,21.093513392153696],[-101.6970580604458,21.09356379444943],[-101.69736843325089,21.093628055302734],[-101.69769533906066,21.093695787732223],[-101.69805163292156,21.093769628411195],[-101.69833979241311,21.093829450876214],[-101.69863270965688,21.093890407339863],[-101.6989007963467,21.09394619603245],[-101.69916880350998,21.09399431789831],[-101.699543113911,21.094060791295878],[-101.6998860691357,21.094117802818438],[-101.70035431725992,21.094194955403378],[-101.70063091924128,21.094247804105038],[-101.70102215892601,21.094322555097758],[-101.70125524187695,21.09436482844882],[-101.70179963752558,21.094459932308915],[-101.70245637829147,21.094576625677004],[-101.70284398546102,21.0946412428878],[-101.70320873433272,21.09470169658337],[-101.70355792540579,21.094761925817348],[-101.70379633807319,21.094799362025867],[-101.70419530164784,21.094875969746823],[-101.70438414912707,21.094911294751075],[-101.70462909505015,21.094955742206405],[-101.70511245851469,21.09503730398987],[-101.7053010826252,21.095069125995348],[-101.70576656019429,21.09514764928564],[-101.70601452291848,21.095190630243035],[-101.70650931322001,21.09528121276146],[-101.7071963602307,21.095405707006563],[-101.70771861949375,21.09549853616157],[-101.70831468016841,21.095607345977015],[-101.70870710086781,21.095682853662943],[-101.70906047645283,21.09573700919296],[-101.70944843265202,21.095801863463898],[-101.7097035678192,21.095836755801923],[-101.71007175142734,21.095878086337777],[-101.71023993680818,21.095895423258554],[-101.71038482002534,21.095910358001912],[-101.71050938859942,21.095910770549462],[-101.7106795800568,21.095910045466514],[-101.7109988315989,21.09590870548169],[-101.71105391213422,21.0959076932451],[-101.711266053658,21.09589143792688],[-101.7115019843637,21.095871352208427],[-101.7117136849586,21.095844538604275],[-101.71180372294818,21.09583217371286],[-101.71197155989374,21.09580228882052],[-101.71209314827159,21.095779133366904],[-101.71229842230714,21.095737473811756],[-101.71248696405381,21.0956920792582],[-101.71264802171665,21.095650136217163],[-101.71277205197597,21.095615710310813],[-101.71281612018953,21.095602497665254],[-101.71298199044021,21.095543225415874],[-101.71314390274183,21.09548533777079],[-101.71333342502109,21.095416546053084],[-101.71357023448228,21.09531357118578],[-101.71378356637315,21.095218734629036],[-101.71393925937195,21.09514864205362],[-101.71398153344468,21.095129610343644],[-101.71426052530815,21.094977646255547],[-101.71462796979382,21.094757742215794],[-101.71494420287377,21.094562331700022],[-101.71502105399932,21.094514842778665],[-101.71534147433714,21.094330327914456],[-101.71557029278915,21.094185922536173],[-101.71617605828848,21.0938137559539],[-101.71631018539915,21.093734545532715],[-101.71646767992794,21.093642102520814],[-101.71662646071462,21.093548904276453],[-101.71695542504379,21.09333544119675],[-101.71704376735055,21.09327794521217],[-101.71730704892683,21.093119850836413],[-101.71775453346014,21.09285433371672],[-101.71790404293112,21.092761605733486],[-101.7181372083978,21.092618370069125],[-101.71824576443,21.0925501671109],[-101.71834652371554,21.092486862536138],[-101.7188187123773,21.092202941156714],[-101.71930330838707,21.09190740996811],[-101.7195707355829,21.091745178246857],[-101.71993239442234,21.09152571411967],[-101.72044842232607,21.091206015002815],[-101.72070131281245,21.0910563070463],[-101.72098361125155,21.09088893372607],[-101.72141943010655,21.090630576656675],[-101.72184141970445,21.090378889982397],[-101.7222555224227,21.090125183224174],[-101.72262559029842,21.089898453626663],[-101.72317978938032,21.089558293597733],[-101.72384656010033,21.08915352551933],[-101.72416121238383,21.08897360118678],[-101.72452606968027,21.08877229754939],[-101.72502559852727,21.088487841297813],[-101.72561443512035,21.088131647343523],[-101.72641583644467,21.08764348701963],[-101.72703567218358,21.087260884359605],[-101.72767609596242,21.086867123353976],[-101.72809486795616,21.086615516407257],[-101.72871448683055,21.086246176526014],[-101.72918672915527,21.08596484137519],[-101.7293268952559,21.085880492163774],[-101.72997651507436,21.08546334356213],[-101.73034577110845,21.085225717255327],[-101.73058162340638,21.085070611956585],[-101.7310009561848,21.084794841510913],[-101.7317213328887,21.084369693308375],[-101.73236979734784,21.08397941526793],[-101.73289045181907,21.083667697788034],[-101.73335669672277,21.08338953250547],[-101.733682362284,21.08318958512441],[-101.73409931986428,21.082943554126555],[-101.73457587145217,21.082654817690045],[-101.73513767234184,21.082304232786402],[-101.73561379860051,21.08201363895641],[-101.73610948421049,21.081707778642034],[-101.73678433167883,21.081298009966662],[-101.737489494369,21.080881082848954],[-101.73777774950041,21.08070823239225],[-101.73830000953818,21.080379467518995],[-101.73862867480194,21.080181362747027],[-101.73902396803629,21.0799391284302],[-101.73950687605914,21.079660676044973],[-101.73955584918329,21.079632437241035],[-101.73979987516564,21.079714443859334],[-101.74019368610323,21.079855237299768],[-101.7404804981959,21.07995893083501],[-101.74073925018186,21.080050160329787],[-101.74124359787186,21.080226356918637],[-101.74165377874814,21.080373884292232],[-101.74199568733276,21.080498327491444],[-101.74241253549421,21.080649391303712],[-101.74275212266049,21.08077149101552],[-101.74340117261227,21.081004278677195],[-101.7438143216329,21.08115146569759],[-101.74450631802611,21.08139469207565],[-101.74474012026542,21.081468348042808],[-101.74501025913256,21.081557448796907],[-101.7455594011247,21.081771526235528],[-101.74636610428335,21.082050125120805],[-101.7470243844539,21.082290196323477],[-101.74776693757568,21.08255547268145],[-101.74806465393867,21.082655742190955],[-101.74861736044552,21.082840635868358],[-101.7490577712953,21.082985970277726],[-101.7497160897375,21.083221171836286],[-101.74987124060289,21.083278074474737],[-101.75006447546302,21.083359927713843],[-101.75024619436216,21.083436902558013],[-101.75043413445208,21.083508516562706],[-101.750626888268,21.083578032139332],[-101.75083841095626,21.083649834670734],[-101.75099114881823,21.083701682156395],[-101.75121818956202,21.083788381478964],[-101.75190832615637,21.08404004603905],[-101.75244521860539,21.084231201163316],[-101.7530238118285,21.08443720087148],[-101.75352783272133,21.084616648025392],[-101.75404882588693,21.084802135723802],[-101.75454224268952,21.0849778035076],[-101.75481511096302,21.085074950090917],[-101.75495189811433,21.085123648840938],[-101.75534635063343,21.085264080387223],[-101.75604582914701,21.085513103146038],[-101.75633319055372,21.085615406138455],[-101.75663751727703,21.085723748208444],[-101.75706095550406,21.085874493441086],[-101.7572896463439,21.085955907450746],[-101.75793107331441,21.086184253441054],[-101.75844387018026,21.086366805174478],[-101.75846394449415,21.08627096052299],[-101.7591041417626,21.08649347308154],[-101.75957407865376,21.086658394084267],[-101.75998873481535,21.086812284841283],[-101.7604048801901,21.086955016788647],[-101.76118029987016,21.08723504158333],[-101.76172109390001,21.087428226340794],[-101.76206297113934,21.08754114898837],[-101.76250237403163,21.087704172902743],[-101.76293992176493,21.087858478106554],[-101.7631634653033,21.08794151686214],[-101.76361902404068,21.088107455323282],[-101.76394596504893,21.088237317498983],[-101.7644422368906,21.088451099806935],[-101.76473455103691,21.08858709163788],[-101.76513317249983,21.088789740171737],[-101.76554990807864,21.08900958756204],[-101.76600998673992,21.089282008041753],[-101.7664860219153,21.08959233844728],[-101.76679819889625,21.089794007439767],[-101.7669870965605,21.08992770644729],[-101.7688865001261,21.091318072428727],[-101.76920666199807,21.091543980009764],[-101.76952879886068,21.091779675922332],[-101.76979176285589,21.091977371095137],[-101.7701342913919,21.09221591344867],[-101.76989786714917,21.092404960637317],[-101.76950494498894,21.092414317456317],[-101.7689851949896,21.092441450600198],[-101.76864801112745,21.092445367614374],[-101.76802629733041,21.092459497032714],[-101.76712433281782,21.092486151611613],[-101.76662987804825,21.092508536686005],[-101.76594971349817,21.092548935381537],[-101.76545861585609,21.09255810716632],[-101.76541524694723,21.092825820480645],[-101.76535908826828,21.09336655663721],[-101.7652930845579,21.093788024198915],[-101.76519106040277,21.094188582120733],[-101.76512910441919,21.094691195490032],[-101.76511191141181,21.095056736167606],[-101.76448484255012,21.095068138677565],[-101.76406282563062,21.095086777973382],[-101.76350523579825,21.09511140353007],[-101.76299368345214,21.095133994260568],[-101.76225459284113,21.0951895074825],[-101.76175687631125,21.09521878965108],[-101.76168609428957,21.09566025771389],[-101.76155265680296,21.096502991861534],[-101.76145082545652,21.09714611118309],[-101.76139493637359,21.097499079128585],[-101.76167255084643,21.097434711083718],[-101.76195313464115,21.097329818107458],[-101.76232706891093,21.097180408678092],[-101.76260256266703,21.09707559766788],[-101.76299312744551,21.0969578303573],[-101.7633411216014,21.096889208513684],[-101.76361596517039,21.0968673620985],[-101.76396568651245,21.096892048101644],[-101.76420948367796,21.096942337930216],[-101.7646689409551,21.097097864398517],[-101.76500260492635,21.097220348656933],[-101.76526533165733,21.097319727537215],[-101.76545262596221,21.097407102963636],[-101.76564788441895,21.09751840493976],[-101.76646424497505,21.098299628560934],[-101.76671009675984,21.098561798458626],[-101.7669115476524,21.09884470660689],[-101.76708372486458,21.099044034565605],[-101.76716131382483,21.099202877873275],[-101.76717878026712,21.09945476619583],[-101.76730512951765,21.099712882052224],[-101.7674576548533,21.099772434007228],[-101.76765245017764,21.099811281717837],[-101.7678103328779,21.099814707301732],[-101.7681382392626,21.09967125651931],[-101.76862467465062,21.099451164436793],[-101.76897614306046,21.099313331361913],[-101.76949090763895,21.0992408758277],[-101.77019831909777,21.099321376957313],[-101.77166943071812,21.09952748105718],[-101.77209930745045,21.0995924991763],[-101.77268100494283,21.099679048708037],[-101.7731620882572,21.099745227597772],[-101.77352075344083,21.09976537578861],[-101.77439813511944,21.09981105513712],[-101.77478623956885,21.09980870360224],[-101.77502185351268,21.09974880727953],[-101.7751688148648,21.099738395243985],[-101.7753801835936,21.099750944684324],[-101.77543858932962,21.099565862417606],[-101.77556220975109,21.09956183642155],[-101.77576141864408,21.099608607787438],[-101.77591420679505,21.099682157057007],[-101.77602700754541,21.0997843803359],[-101.77617585632426,21.099990084005764],[-101.77630881354021,21.100144012350828],[-101.77644659345653,21.100327882028594],[-101.77654870953457,21.10050541135261],[-101.77711196847419,21.100225531438028],[-101.77749086100042,21.10002843652875],[-101.77809529944582,21.09971731540955],[-101.77884757894518,21.09932846488639],[-101.7791488626769,21.09917291773914],[-101.77934495985441,21.099069820587417],[-101.77951135880026,21.09920212955933],[-101.77984085771755,21.099464122011245],[-101.78006618821581,21.09964328670004],[-101.7801680488499,21.099724277825928],[-101.780282937523,21.09980808310831],[-101.78068177506852,21.10008878726749],[-101.78119860882622,21.100452534663592],[-101.78190171895592,21.10095131157909],[-101.78241260237937,21.101330680054367],[-101.78266647754579,21.10151919963261],[-101.78286365168053,21.101665614204165],[-101.78281119517659,21.101727413516535],[-101.78275163485046,21.101791404522487],[-101.78268892459093,21.10186379222813],[-101.78244508273157,21.102145262944994],[-101.78176406551181,21.102931365598998],[-101.78123836981888,21.10353817268639],[-101.77960732013226,21.105420844838108],[-101.77958630167493,21.105432991818905],[-101.77928571727199,21.10513766613616],[-101.77883705478855,21.104717993376774],[-101.77842278791472,21.10436336684397],[-101.77816148459436,21.104140790720603],[-101.77782060515902,21.103845010502962],[-101.7773173097844,21.103418444098565],[-101.77709809478121,21.103228538039787],[-101.77696544572552,21.103041661219706],[-101.77708382362515,21.1023980604072],[-101.77716562513503,21.101954118421535],[-101.77741632285743,21.100780149881768],[-101.77717845601423,21.100337272155713],[-101.77635662890555,21.100714673573982],[-101.77613399142756,21.10082804140864],[-101.77610168472661,21.100873707150907],[-101.77597352600176,21.10097929442506],[-101.77580085164578,21.10112155808012],[-101.7752264864313,21.10159476044504],[-101.77544511712146,21.102023783890612],[-101.7756134213605,21.10210086750627],[-101.7754198287074,21.10247216755299],[-101.77483485106079,21.1035594675957],[-101.77444679225,21.103952844229298],[-101.77384156699789,21.104534538613855],[-101.7734431409337,21.10475502165049],[-101.77235473110314,21.10536043329419],[-101.77063351821333,21.10630978016974],[-101.76854691311509,21.107464393690943],[-101.76606658049214,21.108836822395904],[-101.76390233626941,21.110034302661283],[-101.76234115585949,21.110926636910747],[-101.76082168606538,21.111738756581186],[-101.75960741237719,21.111432584428044],[-101.75845676870223,21.11114244774263],[-101.75804411951597,21.11103839532694],[-101.7578910166195,21.110851961978288],[-101.75620655109998,21.111970051977842],[-101.75495916568815,21.112733229240334],[-101.7540951920824,21.113247484075035],[-101.75351816313409,21.113590939360524],[-101.75305692016035,21.113865474443912],[-101.75301566864788,21.113808222901756],[-101.75269865808457,21.113368252944788],[-101.75237981637963,21.112925738027723],[-101.75194082890027,21.112316468998053],[-101.75168199866424,21.111957236330646],[-101.7511676758956,21.111243396419408],[-101.75069627358027,21.110589118568342],[-101.74997199432461,21.109584063745316],[-101.74924306705795,21.108573580885743],[-101.74880380846948,21.107964645169293],[-101.748440120465,21.107460466366174],[-101.74792834362155,21.106750984896774],[-101.74762591333013,21.1063317416483],[-101.74704980085208,21.10553314427352],[-101.74680697060795,21.105196533602104],[-101.74660213284125,21.104912586396093],[-101.74648265027618,21.104746957875257],[-101.74599622135653,21.10407265986875],[-101.74603120372628,21.10362185798124],[-101.746088851497,21.102878971121285],[-101.74612157027124,21.102457334923194],[-101.74614848553946,21.102085925458326],[-101.74604298605756,21.101869595225356],[-101.74604630032327,21.10144069420004],[-101.74605998459786,21.10121370508607],[-101.74608184481919,21.101113819088607],[-101.74608581408341,21.100925078823014],[-101.74611274760885,21.100520996622926],[-101.74614852950121,21.09998415981254],[-101.74625115566072,21.098835850630415],[-101.74629822223731,21.098094233803828],[-101.74627958339148,21.098017954219642],[-101.7463228914696,21.097368193007227],[-101.74637792893,21.096592563781716],[-101.74634729115421,21.09607712201385],[-101.74630007841003,21.095303944051597],[-101.74625476379167,21.094561835385193],[-101.74620141222442,21.09368810237871],[-101.74617230739729,21.092982126711906],[-101.74612549077733,21.09181190991296],[-101.74609563582273,21.09106563819251],[-101.74600998098818,21.09074222038808],[-101.74589124867825,21.090427042635042],[-101.74563171168649,21.08995780482927],[-101.7454643352876,21.089640701203038],[-101.74532239619136,21.089155538530783],[-101.74517161311688,21.088533791890466],[-101.74500249015585,21.087948009796534],[-101.74487551804303,21.087515423157434],[-101.74457645431653,21.087133911759935],[-101.74435158727425,21.086847050230556],[-101.74391359761724,21.08727046418825],[-101.74371207384031,21.087466535305566],[-101.74352525727173,21.087582934156888],[-101.743151242403,21.08779582708865],[-101.74293053468766,21.088339083071126],[-101.74271535538053,21.088931040137467],[-101.74257967225853,21.089324837534825],[-101.74235653470878,21.089359360029004],[-101.74152314649531,21.089651626536515],[-101.74076753083396,21.089964326857142],[-101.74089642273502,21.09024392906128],[-101.74101624058564,21.090430262298064],[-101.74125600593975,21.090770757652077],[-101.74142205851489,21.09100612319508],[-101.7418395132117,21.091597395806907],[-101.74210975238016,21.091982478935563],[-101.74153975643807,21.092200013094548],[-101.74135705042363,21.092269740789686],[-101.74023098303128,21.092517505000345],[-101.74043507870552,21.0930906425494],[-101.74012260894396,21.09319131388668],[-101.74000159821055,21.09323030143699],[-101.74003707491052,21.093343875659876],[-101.73999513857366,21.093387385317435],[-101.73983937460798,21.093554995120027],[-101.73972956138786,21.09368694110598],[-101.73953731944536,21.093744306541893],[-101.7392575872652,21.093832622670952],[-101.73877657837672,21.093984483943462],[-101.73850000913228,21.094071800011506],[-101.73821330801788,21.094162314261677],[-101.73794866176098,21.094239541276092],[-101.73769985081718,21.093617721438502],[-101.73726323054633,21.093754069793427],[-101.73679375898203,21.0938993157911],[-101.7367271395351,21.09368765410326],[-101.73667335512599,21.093525240216874],[-101.73583583526135,21.093895770266208],[-101.7358878839333,21.09392484412559],[-101.73600358033616,21.093989475198555],[-101.73637144412828,21.094195892215183],[-101.73662217486913,21.094337864984272],[-101.73700282992084,21.094553961236727],[-101.73737420025968,21.094770624310804],[-101.73744716347711,21.09485545068985],[-101.7377346255116,21.095189649888813],[-101.73788871724003,21.095366482652384],[-101.73809216902158,21.095599959144245],[-101.73788598086863,21.096105311031447],[-101.73773955958762,21.096241506589074],[-101.73753763547165,21.096429328220424],[-101.73700340023429,21.09692020978156],[-101.73646562057161,21.09740127241162],[-101.73626725666928,21.097470985071002],[-101.73621599080604,21.097507716834507],[-101.73611859492563,21.097577501870695],[-101.73619385519885,21.097666429937018],[-101.7366221215182,21.09817246955484],[-101.73692302068311,21.098609162883147],[-101.73720433219295,21.09889999873715],[-101.73721962741767,21.09899352370016],[-101.73726800390219,21.09933114254364],[-101.73730744026896,21.099633856136908],[-101.73723644644839,21.099926416167733],[-101.73713364550672,21.100150217776648],[-101.73704366202078,21.10014214679151],[-101.73691062467623,21.10068447900974],[-101.73677714216852,21.101317232484103],[-101.73668536182745,21.10143397141065],[-101.73658312910648,21.101564003760977],[-101.73647587123273,21.101598043047467],[-101.7363878957732,21.10145011060942],[-101.73627889414767,21.101266815590698],[-101.73604483245454,21.10098701346206],[-101.73578835250586,21.100707228452354],[-101.73528070215507,21.10018275537588],[-101.73522148956647,21.099868412989608],[-101.73516595103557,21.0997546553594],[-101.73484479893018,21.09962409683317],[-101.73445493266237,21.09945819215735],[-101.73447800945642,21.09937793770326],[-101.73426604784441,21.099270285707373],[-101.73405401857566,21.099159052893157],[-101.73385530071978,21.099051282543765],[-101.73402646705918,21.098835454359456],[-101.73373297557534,21.098515718109905],[-101.73354876442814,21.098324349806322],[-101.73343417495508,21.098238296863258],[-101.73329530630463,21.09817523098575],[-101.73315309871873,21.098123781390278],[-101.73289368049323,21.0981342694813],[-101.73305234777567,21.098249292065656],[-101.73326194570896,21.09850575767097],[-101.73332028753656,21.098633803433255],[-101.733049897751,21.09868645250733],[-101.73289727174071,21.09870902038991],[-101.73271738700069,21.098791620831634],[-101.73264408519991,21.098968368163312],[-101.73257592215329,21.099128310872615],[-101.7324288607351,21.099159343765223],[-101.73188608475914,21.09898655940963],[-101.73120695005268,21.098873296515315],[-101.73104387206524,21.09904894053964],[-101.73097730605969,21.099120638387085],[-101.73093877669609,21.09924069090852],[-101.7307685400171,21.099396305203285],[-101.73083366006493,21.099511580605334],[-101.7309442147687,21.09967898818768],[-101.73105831148206,21.09985175873779],[-101.73109746982489,21.099907790448547],[-101.73112903615686,21.09982722915754],[-101.7314525858745,21.099574108637146],[-101.73175185489266,21.099540020325115],[-101.73199346142417,21.099542158191998],[-101.73216423072348,21.099542225305054],[-101.73231174848908,21.099542284714],[-101.73251489668641,21.099539785713407],[-101.73255277760877,21.099523408645855],[-101.73254937159999,21.09963069113981],[-101.73264236734688,21.099689579376903],[-101.7327434250198,21.099741252014518],[-101.73291037810505,21.09986343698597],[-101.73298762099944,21.099955485280883],[-101.73306373383367,21.100073769188622],[-101.73310374934108,21.100184464172795],[-101.73355523004236,21.100190903159163],[-101.73367841811962,21.100338764218],[-101.73374484626261,21.1003764947595],[-101.73380818868253,21.10041979404289],[-101.73385826931069,21.10039331808432],[-101.73406254127649,21.100641430978353],[-101.734657818737,21.101348302802784],[-101.73532868012276,21.102180672604096],[-101.7346231974221,21.103599063503754],[-101.734329387705,21.10411202242923],[-101.7341051776873,21.104401856868378],[-101.73405104839478,21.104474015567074],[-101.7340488105687,21.10447609595075],[-101.73404846159713,21.104488231126954],[-101.73368059978901,21.104830270627943],[-101.73240348901024,21.104807583400383],[-101.73227367358243,21.10489318467063],[-101.73223072352208,21.104994143189526],[-101.73205343427863,21.10534361423602],[-101.73186009715731,21.105879650064193],[-101.73182182480473,21.10622087731965],[-101.73181244792718,21.106582064242875],[-101.73179774875788,21.106961472178675],[-101.73178316293613,21.107297995854683],[-101.73177374603937,21.107620894361734],[-101.73175396404596,21.10799361332585],[-101.73174179474168,21.108343727407142],[-101.73173111213634,21.10869138539887],[-101.73172559351929,21.109032290318563],[-101.73171295515655,21.109407164577153],[-101.73170299345462,21.109748210640852],[-101.73169925872932,21.110095733996186],[-101.73168690357221,21.110438992553586],[-101.73166528701053,21.110793685296862],[-101.7316528689352,21.11116628545566],[-101.73163689028775,21.111595796648942],[-101.73161126185911,21.112218703980506],[-101.73160076327085,21.112819227011244],[-101.73165693278564,21.11291555320093],[-101.73194888861853,21.11341622312681],[-101.73214180368524,21.113722316100404],[-101.73231682386667,21.11401966957429],[-101.73251457429589,21.114344615401524],[-101.73269093242226,21.11463440667396],[-101.73287196967836,21.11492863883349],[-101.7330036386562,21.115148241783178],[-101.73345528942447,21.11589038094051],[-101.73348204480007,21.11612932920794],[-101.73351814437643,21.116489719299675],[-101.73356816088064,21.116831970742975],[-101.73364267886218,21.117307368898018],[-101.73365671806658,21.117521172658122],[-101.73370293683172,21.11788844639904],[-101.73376705689746,21.1182506481593],[-101.73381010826098,21.118581726983113],[-101.73385999437093,21.119029124264976],[-101.73391709315811,21.119391050189982],[-101.73399976138478,21.119922356865743],[-101.73403099631585,21.120355410332564],[-101.73406803552422,21.120577417487276],[-101.73410305996356,21.12077428561325],[-101.73415667529329,21.121046882795447],[-101.7342077521244,21.12140432676763],[-101.73420478999923,21.12141591729059],[-101.734205165217,21.121418540682427],[-101.73413785350881,21.12168194227032],[-101.73395665252085,21.122082633637184],[-101.73404868163415,21.12233422436572],[-101.73404878936645,21.122458248244627],[-101.73404931744336,21.123065967669756],[-101.73300985211165,21.123885564726038],[-101.73326679228292,21.124138726197554],[-101.73365693248263,21.124477221691258],[-101.73411391025735,21.124871244746636],[-101.73466693591963,21.12541810027362],[-101.73505247958961,21.12582103665486],[-101.73520313846687,21.125944640678785],[-101.73534584903656,21.126069489304474],[-101.7351425330696,21.126228659464033],[-101.73503768424513,21.126492808312623],[-101.73495778910015,21.126921231624202],[-101.73473429111165,21.127295366817666],[-101.73447307014465,21.12770613437836],[-101.73439913465346,21.127895432499635],[-101.73443121917231,21.12821241659543],[-101.73449552339567,21.12884771376114],[-101.73542410861711,21.128720004549145],[-101.7361357068887,21.12864160410399],[-101.73657351848813,21.128588211585175],[-101.73675605148483,21.13007844069731],[-101.73679863726281,21.130649273880913],[-101.73714852867559,21.130612693945963],[-101.7371644361552,21.131000402504068],[-101.73720390636372,21.131393975206738],[-101.73722226975445,21.131840981688562],[-101.73720371153297,21.132241496049655],[-101.73653529822961,21.132504327286348],[-101.73660248416964,21.132733120821527],[-101.7368029585472,21.133025282237163],[-101.73730392665716,21.133794266684987],[-101.73775182341824,21.134264144586854],[-101.73838447157488,21.13515786554725],[-101.73861549716588,21.135538530581695],[-101.73884609394945,21.13614719181877],[-101.73894997019978,21.13669038715087],[-101.73894768104864,21.137784889071536],[-101.73896574944672,21.137912618668583],[-101.73899198290346,21.138023329725815],[-101.73897805195351,21.13885382912794],[-101.73898005574156,21.13887435612655],[-101.73901949896879,21.13907203034983],[-101.7392118485397,21.13991161195765],[-101.73927824605501,21.140185564039964],[-101.73927454035909,21.140185295626992],[-101.73918791221395,21.140252662939247],[-101.73932092543373,21.140587290432578],[-101.73942627746378,21.140999456602906],[-101.73958780488148,21.14186613514316],[-101.73961190366347,21.142169242526386],[-101.73968095463154,21.1426425590624],[-101.73970907744007,21.142823903035502],[-101.73976735853587,21.142816980198834],[-101.74003342915627,21.142900203170754],[-101.74014001519659,21.142982828846513],[-101.739954683373,21.143030470968213],[-101.7401390693184,21.143346547403567],[-101.7401950009592,21.143549075919193],[-101.74031591528383,21.14401499942941],[-101.74008086911165,21.144048198421217],[-101.74013288063227,21.144303143406212],[-101.74023507637699,21.144713707443216],[-101.74038208299407,21.144743035426806],[-101.74047875644158,21.144853508522804],[-101.74061302868571,21.145047930238874],[-101.74069463403413,21.14519669827276],[-101.74074217715051,21.145331220479065],[-101.74081625042828,21.145560440325603],[-101.7406051143996,21.145632020401454],[-101.74038086330312,21.145607713505395],[-101.74008957484205,21.14555778263953],[-101.74009928391588,21.14583027774564],[-101.73972608404117,21.145879079693277],[-101.73935446450352,21.145962513265783],[-101.7393713220387,21.14602143077702],[-101.73949941940862,21.1462476625718],[-101.73949969431071,21.146385064588454],[-101.73942145860536,21.146632916152857],[-101.7391950331922,21.147052786305736],[-101.73904040237046,21.147355881771244],[-101.73902323368094,21.147555450153746],[-101.73914391299782,21.147745865148178],[-101.73925220404192,21.14799778505988],[-101.73922781567597,21.148141928300966],[-101.739275352506,21.14821035396563],[-101.73943317186568,21.148274844383085],[-101.73985272239409,21.148456748171615],[-101.73987254135412,21.14855307320949],[-101.73975519569812,21.14867510358414],[-101.73977567324509,21.148929250733524],[-101.74037104155774,21.14977440181929],[-101.74062600233471,21.150159236522335],[-101.74088777835544,21.150510119263014],[-101.74124833239046,21.150914398914352],[-101.74124690620889,21.151204032146165],[-101.74118364350156,21.151439705076324],[-101.74108324660655,21.151616789432605],[-101.74100266190291,21.151890794027562],[-101.74086505263942,21.152005063089835],[-101.74090324640225,21.15236592833204],[-101.74093638549014,21.152574671590777],[-101.74091010670978,21.15281327243299],[-101.74094376141966,21.153032592044937],[-101.74091599949372,21.15323974221809],[-101.74089429368021,21.153311803324147],[-101.74089380336379,21.15332731180517],[-101.74087438853657,21.15337788816751],[-101.74078148500998,21.153585532564268],[-101.74071603110387,21.153722928211987],[-101.7408052386875,21.15391203581234],[-101.74093216857665,21.154058727526024],[-101.74103559821695,21.153923872819675],[-101.74120563854619,21.153735089851338],[-101.74150296396263,21.15360554776302],[-101.74203519683795,21.153383411169475],[-101.7419685366194,21.153190009367716],[-101.74208796786257,21.15306757836149],[-101.74235037002772,21.15287729690976],[-101.74257113694318,21.152751108490254],[-101.74291984451018,21.15259747761637],[-101.74327181681356,21.152498755558828],[-101.74351006315122,21.152505691019762],[-101.74362531000699,21.152531881277724],[-101.74383658193422,21.15261445406158],[-101.7441179138281,21.15294161725799],[-101.74418074223112,21.153094005179504],[-101.74431795828673,21.15340027721794],[-101.74454297259909,21.153824388318828],[-101.74490934074605,21.154189725736234],[-101.7447901547415,21.154322488771705],[-101.74486969362142,21.154328899788826],[-101.74514750412268,21.154351291654173],[-101.74530303685152,21.154445143193108],[-101.74543361787357,21.15452393816187],[-101.74535460757427,21.155064730534747],[-101.74552683744548,21.155099397750515],[-101.74596423079907,21.15516090034035],[-101.74627201075764,21.15520456755203],[-101.74636670204073,21.15516785038589],[-101.74662308081464,21.155068437491547],[-101.74676168723595,21.15501469154828],[-101.74651052003288,21.154231255340502],[-101.74602687508205,21.152645839705148],[-101.74677016996813,21.152321682485248],[-101.74659783723544,21.151928906118886],[-101.74627634557606,21.15119616355806],[-101.74636698128013,21.150975109908536],[-101.74642658778752,21.150786001756234],[-101.74643664271521,21.150720306479183],[-101.74658070324931,21.150712479853354],[-101.7468576169269,21.15097475439641],[-101.74712059231405,21.15101309249188],[-101.74725137934345,21.151132620825344],[-101.74732475284193,21.151139108229874],[-101.74741880917009,21.15129435137961],[-101.7475962522955,21.151594298352492],[-101.74768264482725,21.151689390594843],[-101.74771841748719,21.151807266503177],[-101.74798536964369,21.15192375668353],[-101.7480830316804,21.151894278837513],[-101.7481375199205,21.151791633698817],[-101.74819662370328,21.151257477320762],[-101.74824851172377,21.150877754096047],[-101.74830618710013,21.15064849830043],[-101.74855832125237,21.149948790070376],[-101.74868799328704,21.149672997930494],[-101.74917964163141,21.148677193738013],[-101.7492391585445,21.148556644933542],[-101.74878800412027,21.147604222784057],[-101.7486462775677,21.14731224629693],[-101.7479770627715,21.146006549345845],[-101.74769320229544,21.145427474159554],[-101.74730681128506,21.144624904392288],[-101.7470887592726,21.145055198756193],[-101.74688855308933,21.14496140116943],[-101.74682960697503,21.14481607502242],[-101.7467805157036,21.144695044799416],[-101.74663572576745,21.14433807674799],[-101.74680958675734,21.144242719152626],[-101.74676447317087,21.144149758847952],[-101.74671721480047,21.144052378879483],[-101.74685299811142,21.143977933628477],[-101.74692016814377,21.143940598098677],[-101.74610099834128,21.14240363798002],[-101.74599073382343,21.142142845896466],[-101.74550336402652,21.142370944318337],[-101.74524018294845,21.14193735338703],[-101.74507422276903,21.141718607125423],[-101.74486413545515,21.14118438445609],[-101.74484135514045,21.14105155297951],[-101.74471112726384,21.1408174123453],[-101.74457236310508,21.140575534923315],[-101.74413442734479,21.140441806861897],[-101.7442016938972,21.14018253425727],[-101.74430226313453,21.139963503030764],[-101.74353667154557,21.139715611019795],[-101.74330576296869,21.139642092916297],[-101.74310754002897,21.139615430026655],[-101.74280793521754,21.13968924650425],[-101.74281839096794,21.139487493975846],[-101.74272801623245,21.138880790493076],[-101.74285391326659,21.13830815950754],[-101.74316488436284,21.137078182466492],[-101.74312245716483,21.13614173124945],[-101.74329654560033,21.13486796924115],[-101.74306004264008,21.134575594347098],[-101.74291647535199,21.134276853169972],[-101.74254120104831,21.133749239926985],[-101.74218730524011,21.133219465731887],[-101.74213948259649,21.132738923282854],[-101.74177948045505,21.132295259109043],[-101.7415339349123,21.131961069631263],[-101.74134744266348,21.131634524596144],[-101.74104040066065,21.130647125744662],[-101.74081006771621,21.129989344287747],[-101.74058594963749,21.12930515343252],[-101.74043057453676,21.1289793511603],[-101.74039194020015,21.128622928360937],[-101.74046223013728,21.12840572962862],[-101.74042799749701,21.12789561836204],[-101.74045292918542,21.127672475066934],[-101.74035165411931,21.127319882983265],[-101.74039722224076,21.12671731512239],[-101.74003249650274,21.126253236002],[-101.7397239164481,21.126105091004955],[-101.73942738532075,21.125339960813335],[-101.739297301241,21.124859526746473],[-101.73992503450735,21.124800683730246],[-101.74042414037605,21.124765006111815],[-101.7406558133589,21.124630488296958],[-101.74062857374462,21.124157960209313],[-101.74058675268584,21.123858865077384],[-101.74056360858462,21.12343999119868],[-101.74107734592333,21.12336937790146],[-101.74156308023932,21.123304831342633],[-101.74212633081824,21.123229982605746],[-101.74222813804633,21.12312289043952],[-101.74208706005659,21.121531741104068],[-101.74203692823009,21.121229856938672],[-101.74234758714488,21.1209474195271],[-101.74289513460526,21.120599920452545],[-101.74387008334912,21.11987169920148],[-101.74452505513223,21.120159615409456],[-101.74545594871034,21.1203746480366],[-101.74627744881953,21.120575648722287],[-101.74716495102365,21.12082217429979],[-101.74920911090634,21.12155660683339],[-101.7493186731535,21.12161769436029],[-101.75012884008648,21.122069407061304],[-101.7504135395117,21.12218496721395],[-101.75119022782155,21.122474698428825],[-101.75175648929448,21.12268192201154],[-101.7522282225859,21.122837385704926],[-101.75298296984272,21.123207567048205],[-101.75358164560096,21.123530772851023],[-101.75377575163468,21.123610896187863],[-101.75442886947782,21.123918751846347],[-101.75496513683795,21.124980264657445],[-101.75541386468741,21.125868482864334],[-101.75501950294453,21.12606460412829],[-101.75466331012119,21.126241742052166],[-101.75416834239655,21.12648789214131],[-101.75410553467435,21.12681516557805],[-101.75413410049728,21.127062372850055],[-101.75418862895955,21.1272716316575],[-101.75426418939068,21.127753237573813],[-101.75444278378988,21.127750331770876],[-101.75453284406946,21.12800654523871],[-101.7546144858139,21.12828621390044],[-101.754678451588,21.128527038761266],[-101.75474685527792,21.12880409763247],[-101.7547869077421,21.129022992268997],[-101.75499130084036,21.129062688875404],[-101.75530394547586,21.129123409234918],[-101.7559685186287,21.12925247734864],[-101.75691074353823,21.129435463802118],[-101.75754177194881,21.129648415193596],[-101.75868303417481,21.128003234377417],[-101.76210132198202,21.12962686183466],[-101.76266387283087,21.130526672115664],[-101.76366127711104,21.13208792656095],[-101.76317242626233,21.13440535164392],[-101.76157394568617,21.134459965476875],[-101.76158271908315,21.13437254290453],[-101.76152829432921,21.13472326823909],[-101.76144772446541,21.135526879087642],[-101.76134350444468,21.136598470970924],[-101.76130309935594,21.13695537891376],[-101.76128053322898,21.13722300211385],[-101.76128472154461,21.137272745325724],[-101.76132986108692,21.137287542332754],[-101.76146698628087,21.137338240359664],[-101.76159715406054,21.137390403283568],[-101.76177252052838,21.137460679501878],[-101.76182109801678,21.137480147537637],[-101.76188311256674,21.13748058749196],[-101.76209775723089,21.137482110085305],[-101.76220269066323,21.137482854336866],[-101.76222030990974,21.137570871000598],[-101.76219045080417,21.13759844143935],[-101.76221093746113,21.13767841450907],[-101.76224840893595,21.13781673035988],[-101.7622917843782,21.137968641132982],[-101.76234702630349,21.138162289725546],[-101.76231428203484,21.138341203855955],[-101.76235781431278,21.13836983318799],[-101.76240484666778,21.13837340406885],[-101.76250678818296,21.13838165428337],[-101.76273651733068,21.138397575171954],[-101.7628166262546,21.13837765729616],[-101.76284859471588,21.138367272284082],[-101.7629178840011,21.13834434573311],[-101.76307955079746,21.138293176150075],[-101.76330715840653,21.138239956502158],[-101.7634967495722,21.13819578557968],[-101.76364365589656,21.13810511227623],[-101.76367434515228,21.138020302174265],[-101.76370897094831,21.137929652962505],[-101.76374406974267,21.137837561738774],[-101.76376066097338,21.137763879894422],[-101.76378092690814,21.13767387857387],[-101.76382213154457,21.137490887916268],[-101.7638459802642,21.137412575491865],[-101.76386990142105,21.137345790256926],[-101.76393180000981,21.137192153273006],[-101.76398298449118,21.137030074074264],[-101.76409496903237,21.136895171657656],[-101.76406733647518,21.136717065377823],[-101.76406828137686,21.136607769249935],[-101.76406538151062,21.13650276207599],[-101.76405343953158,21.136447934912933],[-101.76420229485598,21.136336549413233],[-101.76435653548786,21.13622113447427],[-101.76445104702637,21.13615041343877],[-101.76453304579071,21.136095315513145],[-101.76459600457424,21.13605876891573],[-101.76464964198563,21.136080144104035],[-101.764705875461,21.13610255435732],[-101.7648428313567,21.135935328546896],[-101.76490315253595,21.13584216392482],[-101.76495939451709,21.135774648087168],[-101.76502375854302,21.135716712686385],[-101.76506791989834,21.13567696209293],[-101.76514547985789,21.135607148900473],[-101.7652931189025,21.135446459676025],[-101.76555877964371,21.135157315932787],[-101.76584836983157,21.13484212589203],[-101.76606334092303,21.13460815020751],[-101.76624332244754,21.134412256923774],[-101.76645178002825,21.134180332744123],[-101.76656369625925,21.134055817599698],[-101.76670189250446,21.133902063623772],[-101.76688697141859,21.133694112778446],[-101.76704947950712,21.133527321598937],[-101.76717024082059,21.133215493126283],[-101.76728201224924,21.132926704570632],[-101.76737692428745,21.13265821147893],[-101.76687031596207,21.13134213607423],[-101.7662066063773,21.12949176975689],[-101.76663921859708,21.12899423049357],[-101.76688871403465,21.12899369949846],[-101.76738197006449,21.128989183247732],[-101.76804131450608,21.128971309014375],[-101.76857229642766,21.128962625484743],[-101.76905600478426,21.128952940151727],[-101.76905659779919,21.128984852593984],[-101.76929827072583,21.12897025838265],[-101.7698075106652,21.128910496566142],[-101.76994600972758,21.128870934381947],[-101.77048450444029,21.128846143100883],[-101.77030330046638,21.12738692615188],[-101.7704731844404,21.126380746766845],[-101.771146410198,21.126374061237414],[-101.77163723922355,21.12557392142606],[-101.77293694538696,21.126037685865622],[-101.7725343393076,21.13079030972721],[-101.77925198241952,21.132069568091843],[-101.77932405561914,21.132054215077687],[-101.77981689817797,21.1321886365649],[-101.77981000779636,21.133270185406147],[-101.77984799639637,21.133739197136727],[-101.77984438611023,21.13388635558392],[-101.77981534344272,21.134104081455924],[-101.77980721571357,21.134294592563474],[-101.77979065400523,21.134391751242692],[-101.77977333997877,21.134655270037012],[-101.7797584076065,21.134882540110546],[-101.77973358669728,21.135287894875464],[-101.77971021436312,21.135616335951074],[-101.77968061424657,21.136067528884258],[-101.77964752214893,21.136571949725734],[-101.77962543442419,21.136908631480495],[-101.7795965332123,21.137349170659913],[-101.77955876451512,21.137952698769716],[-101.77950120815427,21.138802202996786],[-101.77946817161997,21.139305775942272],[-101.77943709167492,21.139807347589926],[-101.77940144893807,21.1403228232965],[-101.77936877664156,21.14082084367648],[-101.77934029592905,21.141282795267003],[-101.77931932996015,21.1414494924227],[-101.77925283587699,21.14191607840353],[-101.77914737497323,21.14267199306199],[-101.7790775735169,21.14317231101823],[-101.77899571344257,21.14375906495939],[-101.77896604711717,21.143981733315393],[-101.77893477251241,21.144195873665755],[-101.7788603284806,21.14449074867022],[-101.77881210485474,21.14469426999732],[-101.77871510630655,21.14505209100272],[-101.77863270305475,21.145333728947065],[-101.77857022883947,21.145545947070858],[-101.77852588225463,21.1456680108718],[-101.77849340481269,21.145786712718856],[-101.77847671589629,21.145863599457638],[-101.77845587127432,21.145873133601086],[-101.77827723504133,21.145873861102643],[-101.77798374630483,21.1458750559343],[-101.77780177633134,21.14587579650262],[-101.77772849664193,21.145876094675412],[-101.77746200178099,21.14591851267669],[-101.77727911417475,21.145947622654305],[-101.77630755203914,21.14767109349304],[-101.77626186700327,21.147640724456206],[-101.77609174560878,21.14752763636522],[-101.77575469871516,21.147303583571603],[-101.77526798836962,21.146987495747755],[-101.77490968501377,21.146764169941143],[-101.77462102278211,21.146584249432337],[-101.77422912675598,21.146337244144853],[-101.77394584157506,21.146133566549466],[-101.77383876502661,21.146055794283903],[-101.77376022589841,21.146009680402127],[-101.77349469028708,21.145853771898427],[-101.77326440506306,21.14571855992354],[-101.77293704541371,21.145524935252332],[-101.77272596845592,21.14539967980618],[-101.7726832093651,21.145411645315388],[-101.77249083548114,21.145293689013783],[-101.77210276660266,21.145055738719396],[-101.77152321032955,21.144700371766888],[-101.77105984291563,21.14443445196759],[-101.77089735290379,21.14435302836437],[-101.77056997848766,21.14424080906531],[-101.7704110404086,21.144183202880363],[-101.7703586397408,21.144163255470794],[-101.77034959719984,21.144175845437896],[-101.77033992579881,21.1441957088856],[-101.77030374663269,21.144270014824887],[-101.77028410004853,21.144310365583962],[-101.77027589075001,21.144330959814926],[-101.77020807568297,21.144515800745463],[-101.76938600835852,21.146756446117994],[-101.76918358131877,21.147288454124645],[-101.76906592086819,21.147628867836826],[-101.76887916188471,21.148137888873013],[-101.76880473951785,21.148325828163827],[-101.76865233724929,21.14868462555132],[-101.7683155921331,21.148553916578397],[-101.76814606400245,21.148488113333748],[-101.76807532842777,21.1484606568733],[-101.7679995500142,21.148461058888618],[-101.76797836596185,21.148461171266984],[-101.76787956690478,21.148505907964626],[-101.76657251995995,21.1510475699048],[-101.76584537063765,21.15238900613782],[-101.7653678287369,21.15218574853212],[-101.76520760460151,21.152134411285022],[-101.76507837115723,21.152093003816464],[-101.76499340248573,21.152262227780245],[-101.76492443235591,21.152400862876792],[-101.76487201381832,21.15249424305386],[-101.76481957917127,21.152473525359373],[-101.76473479647636,21.1524056445782],[-101.76460801912151,21.15235775407197],[-101.76453713798071,21.152321440521643],[-101.76444778923148,21.15226839598541],[-101.76436121915404,21.152234609837375],[-101.76422413080131,21.152184150219334],[-101.7641905573667,21.15216740609885],[-101.76405756569774,21.152438689881272],[-101.76398478374563,21.152587154142118],[-101.76393912215255,21.15268029679466],[-101.76391282625977,21.152733936335363],[-101.7638788837029,21.152803173829145],[-101.76378652698797,21.152914687395295],[-101.76372950109867,21.1529835416317],[-101.76358532654449,21.152916024500808],[-101.76332168761125,21.152800142588745],[-101.76279538805535,21.152551863230038],[-101.76249368138811,21.152409533347512],[-101.76235377124614,21.15233928126564],[-101.76223970747256,21.15228825676375],[-101.76221353248877,21.152335593750557],[-101.76213088617924,21.152481014505554],[-101.76205689913344,21.152611198563033],[-101.76198886915016,21.152730900656046],[-101.7619250267223,21.152843234362777],[-101.76185048175928,21.152974399458717],[-101.76179752707644,21.1530675753781],[-101.76173182162051,21.153183186637808],[-101.76164204274849,21.153125972823414],[-101.76159770674194,21.153212587881168],[-101.76151971808115,21.153364946704578],[-101.76150037370638,21.153497271667604],[-101.761482121328,21.153622126716314],[-101.761447266675,21.153860548970496],[-101.761422450241,21.154030304803303],[-101.76139807092397,21.154197070334334],[-101.7613960266466,21.154211054104263],[-101.76134097956006,21.1541603350485],[-101.76108507113415,21.15392454646067],[-101.76091560944568,21.153768407384195],[-101.7607943409539,21.153656672356508],[-101.76069873177657,21.153568579254543],[-101.760558444998,21.15343932033861],[-101.76049836899432,21.15349789548557],[-101.7604697850407,21.15352576531477],[-101.76027724641281,21.153713493304164],[-101.76011412327135,21.153870720207145],[-101.76001931358722,21.153961361282736],[-101.75994142922083,21.15401378844927],[-101.75989695654685,21.15407833828357],[-101.75976345850874,21.154205966124092],[-101.75980330452566,21.154244667239766],[-101.75989889252064,21.154331712776603],[-101.75973633691217,21.154478438803704],[-101.75965687898692,21.154388714373106],[-101.75961678450338,21.15434619020923],[-101.7593805741146,21.154572012594272],[-101.75921075051438,21.154725298889105],[-101.75906176125255,21.154856031674832],[-101.75893083173858,21.154970917395648],[-101.75885852568413,21.155034363125722],[-101.75877301640641,21.155096647346422],[-101.75868985636535,21.155144447607412],[-101.75861466288579,21.15520718539452],[-101.75852256952004,21.155284023515986],[-101.75842775642961,21.155363130714004],[-101.75840447602452,21.155412306618356],[-101.75835918338504,21.155507979543223],[-101.75831742115244,21.155546368525847],[-101.75821461745521,21.155625510969184],[-101.7581451875784,21.15567896081834],[-101.75803833004478,21.155761223826655],[-101.75789508003108,21.155795458713357],[-101.7579273726869,21.155928194093903],[-101.75796457110792,21.15616346014097],[-101.75801103501297,21.15639241419047],[-101.75809119126448,21.156768679165722],[-101.75813541263129,21.15702847397797],[-101.75817619020975,21.157284139352473],[-101.75802647579557,21.157333207588405],[-101.75777411780358,21.15739232622475],[-101.75751653761964,21.15749954204361],[-101.75735597969988,21.157577968850223],[-101.75723473963754,21.157661050724613],[-101.75717914564206,21.157713215176642],[-101.75709907480353,21.157821750998433],[-101.75714186868079,21.158230684139195],[-101.75722850101926,21.158724792721394],[-101.75731162512444,21.159029559191374],[-101.75739283020815,21.159484114373516],[-101.7574572195329,21.159791388528827],[-101.75752116031707,21.160074444467497],[-101.75756110014427,21.160329261698593],[-101.75761573478364,21.160616873960997],[-101.75766392064938,21.16080989179679],[-101.75770822874493,21.161047019161664],[-101.75776274165854,21.161328026346272],[-101.75785009395968,21.161480763531532],[-101.7579067625049,21.161652645713637],[-101.7581580909201,21.16158226902332],[-101.75832193590446,21.161536388923196],[-101.7585498549584,21.161478845378298],[-101.75899487903642,21.161339656005484],[-101.75925275049516,21.161222385439668],[-101.76018129765257,21.16084191479672],[-101.76067992705455,21.160611417081856],[-101.76114846266158,21.160308369340342],[-101.76141852162613,21.16002601140732],[-101.76158408944828,21.15974683652936],[-101.76184308387708,21.159307261438972],[-101.76196094210938,21.15902068870094],[-101.7624281185137,21.15820960894896],[-101.76264175887543,21.158353366573596],[-101.76280428862209,21.15842207116469],[-101.76298673572674,21.15850245792016],[-101.76324191587726,21.158611815296375],[-101.76386786069305,21.158988683520842],[-101.76420990654984,21.159215701658564],[-101.76462682761374,21.159501335083192],[-101.76500481183346,21.159754407666696],[-101.76517309057765,21.160003534564837],[-101.76558647959865,21.16062757696111],[-101.76571997081301,21.160831876469548],[-101.76593892661997,21.16118215262172],[-101.7661091609182,21.161454484685184],[-101.766324260181,21.161781318468663],[-101.76660068478476,21.162195175938994],[-101.766738518579,21.162401536830917],[-101.76685112362372,21.16252753094072],[-101.76693258029904,21.162618672853156],[-101.767204537785,21.16298085663687],[-101.76738371707614,21.16321231508885],[-101.76755506906784,21.163427368579818],[-101.76769688734932,21.163606071205393],[-101.76784788708584,21.163762423927896],[-101.76797382446159,21.1638928254352],[-101.7680973580844,21.16401290095497],[-101.76819440086014,21.16410498980857],[-101.76827025047982,21.164176967263806],[-101.76818817360393,21.16433400162414],[-101.76782695956888,21.16497611232223],[-101.76776276488546,21.16508508338614],[-101.76773756350516,21.16512797535938],[-101.76771110724037,21.16517300009502],[-101.76768568515452,21.165216264781517],[-101.7676698313261,21.1652432456747],[-101.76763403193453,21.165331006943994],[-101.76763060095008,21.165339417907322],[-101.76759927780476,21.165416205691393],[-101.7675204771888,21.165611512208052],[-101.76751067380017,21.165636605303533],[-101.76748522237496,21.16570175162326],[-101.76747159678106,21.16573662812856],[-101.76741599188993,21.165878956031747],[-101.7673948231695,21.165933140042636],[-101.76736241812127,21.166016084783696],[-101.76733359321014,21.166089865650328],[-101.76731925619237,21.166139927274966],[-101.76730265175246,21.166197906191037],[-101.76728355169013,21.16626459920601],[-101.76726200352728,21.166339840365374],[-101.76724261420097,21.166407543317977],[-101.76721734537567,21.166555988467028],[-101.7671417892491,21.166744984744625],[-101.76709782989968,21.166799610491207],[-101.76698369564171,21.166941445684326],[-101.76691701749247,21.167024306795128],[-101.76686093713133,21.16709399792324],[-101.76682302434894,21.167141112137326],[-101.76677417037995,21.167192350318032],[-101.76665820849358,21.16731397128973],[-101.76654699254308,21.16743061447646],[-101.76637147655316,21.167614695004662],[-101.7664036174855,21.167655094495736],[-101.76654807067776,21.16780180330551],[-101.76667826159893,21.167934026755624],[-101.76676239071713,21.168019469095817],[-101.76687865183344,21.168134163914864],[-101.76698413709683,21.168237033154377],[-101.76710647227897,21.16835633415318],[-101.76721068220724,21.16845795920454],[-101.76730408774141,21.168549191194632],[-101.76747605041814,21.168718207475443],[-101.76760603396002,21.16888405695859],[-101.76776860218456,21.16913610387356],[-101.76790154321795,21.16934316376687],[-101.76801019434468,21.16952215853775],[-101.76804823516522,21.16960102917674],[-101.76804292005397,21.169619410148933],[-101.76782744050504,21.17032955511704],[-101.76768188302687,21.17080825755593],[-101.76758359305141,21.171131507459837],[-101.76748378939357,21.17161783798036],[-101.76740690559576,21.172001485754933],[-101.76735470149183,21.172254671437386],[-101.76732054894838,21.172431279135132],[-101.76724599391697,21.172804889520673],[-101.76702823288231,21.17389902406791],[-101.76696687736488,21.174201992942894],[-101.76682486852864,21.17491550441364],[-101.76678637560873,21.175108908027923],[-101.76675509965735,21.175657907988526],[-101.76671705653293,21.176325449732957],[-101.76668959420456,21.176805677095988],[-101.76666382234802,21.177289127405594],[-101.76664669581352,21.177590897549713],[-101.76659431754983,21.178523276205336],[-101.7666611578571,21.178651131287854],[-101.76678199147217,21.17885512280345],[-101.76707955788427,21.1794625117359],[-101.76758605619028,21.18052519104549],[-101.76810037799325,21.18162432549204],[-101.76847767368547,21.182415389379873],[-101.7688235763718,21.182536826078476],[-101.76921299130377,21.182666137838176],[-101.76962959398155,21.182827792043526],[-101.76972205888805,21.182857621671843],[-101.76978140484208,21.18290366799937],[-101.76984075177752,21.182949713383525],[-101.76985541543345,21.18298031522355],[-101.76989291277447,21.183058567850882],[-101.7698942270701,21.183129075343857],[-101.76985713289878,21.183235044359535],[-101.76981566329837,21.183396802390135],[-101.76981668550604,21.183451640951297],[-101.76980217035299,21.183569425555408],[-101.76975570425388,21.18376609905336],[-101.76969157849963,21.183902577102646],[-101.76962724056685,21.1840405484515],[-101.76957894948548,21.18414514847798],[-101.7694785255934,21.18424866787521],[-101.76939924900739,21.1843467787407],[-101.76948217091925,21.184520960675297],[-101.76962206400059,21.184814812442955],[-101.76974542462365,21.18507393581093],[-101.76980575539622,21.185200662323574],[-101.76996161715324,21.185528053134046],[-101.77005893691302,21.185732474354847],[-101.77018657864723,21.186000586135503],[-101.77026300162143,21.186161112197027],[-101.77033236115884,21.186306801165887],[-101.77041454688559,21.186479430940395],[-101.77047976357377,21.186616417165727],[-101.77054550089,21.186754496635263],[-101.77059662975363,21.1868618912172],[-101.77067050455061,21.187021511938255],[-101.77071480376888,21.18711011129523],[-101.77079389442213,21.187276237653485],[-101.7708985014428,21.18749595927099],[-101.77097880910986,21.18766464079928],[-101.77101113504663,21.187732539390016],[-101.77106610222674,21.187847994303713],[-101.77111652969855,21.187953913661357],[-101.77116068036915,21.1880466488828],[-101.77120386862153,21.188137362474155],[-101.77124736261575,21.18822871811063],[-101.7712943431542,21.188327396792968],[-101.77133596389952,21.18841481754063],[-101.77137164039983,21.188489752816384],[-101.77153644088602,21.188835900152007],[-101.77105096515157,21.189049850065295],[-101.77075689051465,21.189179448280132],[-101.77064735641308,21.189227719600186],[-101.77045677680773,21.189311707174813],[-101.77018834318578,21.18943000416103],[-101.77000444222206,21.189506250624596],[-101.76964729069189,21.18966844075728],[-101.76943652382859,21.189761323026207],[-101.76922778390959,21.189853311688935],[-101.7690233354043,21.189943408842648],[-101.76879626353018,21.190043475349224],[-101.76858486368741,21.190131837627142],[-101.76837792269534,21.190227829276754],[-101.76838592386257,21.19010745250348],[-101.76816925838264,21.190177525091634],[-101.76795551269008,21.19024665305474],[-101.76776781702182,21.190311259356132],[-101.76766106956978,21.190343104663796],[-101.76761173792144,21.190359993138024],[-101.76757881725744,21.190380814088687],[-101.7675526043931,21.19041427717095],[-101.76750931065853,21.190467211061186],[-101.76744958914476,21.190538661232264],[-101.76737344566654,21.19062894218025],[-101.76733426665707,21.19065066272336],[-101.7672598976775,21.19069215079044],[-101.76705016944008,21.1908145079779],[-101.7669675512128,21.190863367008575],[-101.76689576919124,21.190901893246206],[-101.76681889119695,21.190948268419703],[-101.76668118181746,21.191031338806813],[-101.76666725513739,21.19104006130231],[-101.76663675850948,21.1910776843156],[-101.76659578829934,21.191129321530205],[-101.76655681261146,21.191179982247156],[-101.76650798715995,21.191242130099017],[-101.76645559578618,21.191310943062536],[-101.76639756191717,21.191382994496983],[-101.76637983938294,21.191404048752492],[-101.76632494081926,21.19141029634519],[-101.7662272398667,21.191423851757904],[-101.76613085687944,21.19143612710641],[-101.76603514457891,21.191448391416095],[-101.76597129095867,21.19146013386214],[-101.76592919439022,21.191469317696452],[-101.76589539383579,21.191473646566365],[-101.76585695102024,21.191480882909033],[-101.76581710821527,21.191484996120405],[-101.76576960495242,21.19149206623154],[-101.7657033159515,21.191499129387573],[-101.76563576165107,21.191510303107936],[-101.76558385775802,21.191515243000694],[-101.76548016121625,21.19153109841717],[-101.76541147065835,21.191536679657194],[-101.76528245821103,21.19156076275796],[-101.7651724132538,21.191577980367093],[-101.76508004255945,21.19158956022182],[-101.7649662700927,21.191606495310623],[-101.7649232018459,21.191613659567818],[-101.76486417810662,21.191621378642736],[-101.76476049943979,21.191635113509506],[-101.76470365000617,21.1916419161456],[-101.76462028637978,21.19165385035986],[-101.76456249804684,21.191660668320182],[-101.76447223288103,21.19167183466037],[-101.76433294767594,21.19168996889749],[-101.7642286538765,21.191704300706334],[-101.7641062629772,21.19172186462482],[-101.76404069972381,21.191731452031735],[-101.76395732131951,21.191743563174494],[-101.76377034785399,21.19177198912915],[-101.76368669290815,21.19178510204537],[-101.76361585294043,21.191797124414588],[-101.7635696658481,21.191804926568338],[-101.76356355129965,21.191707832913295],[-101.76357147765412,21.191683551733],[-101.76356217398651,21.191626173513],[-101.7635494065735,21.19149395264394],[-101.76355252273169,21.191354775809042],[-101.76355084318591,21.191264505272056],[-101.76355643423595,21.19114334753897],[-101.7635667959388,21.190925240748758],[-101.76357083478005,21.190409705926573],[-101.7635783355681,21.190095240973378],[-101.76372368261642,21.189665431329473],[-101.76377914781385,21.189491346112924],[-101.7638174659412,21.189371079154082],[-101.76385545362578,21.189251849175566],[-101.7638592033409,21.189229954916012],[-101.76388206192019,21.189224463957185],[-101.76393115626749,21.189164838194078],[-101.7639675243111,21.18915332656281],[-101.76401033858025,21.189130792979256],[-101.76404339646783,21.189120115252937],[-101.76405210411058,21.1890965803572],[-101.7640654796203,21.189055814650374],[-101.76406552754923,21.18901370757274],[-101.76405385221226,21.188967113882452],[-101.76404038402805,21.18891353181628],[-101.76401892778306,21.18883278936191],[-101.76400514499129,21.18871761248721],[-101.7639868918202,21.188540908815348],[-101.76398060402614,21.18842638901865],[-101.76397123262335,21.18823550454947],[-101.76395701489042,21.18809694238511],[-101.7639235746275,21.18799768210301],[-101.76387420641161,21.188005337515165],[-101.76380423252,21.187983778171603],[-101.76363383754223,21.187931278381996],[-101.76364014546544,21.1879126492572],[-101.76354153270053,21.187885412205468],[-101.7632763892918,21.1878000795078],[-101.7630648314361,21.18773492290491],[-101.76282906880101,21.187664703734214],[-101.76261997574173,21.18759794672232],[-101.76242606101931,21.187542637389985],[-101.76231829146387,21.187514769593864],[-101.76217105190386,21.187475375213868],[-101.76206696633764,21.187439545671083],[-101.76202572642737,21.187423432326845],[-101.76195434891171,21.18754394863331],[-101.76184253263273,21.18773448175617],[-101.76173880868424,21.18792739856709],[-101.76153522772024,21.188232654837257],[-101.76137950040307,21.18851448396869],[-101.76112575547201,21.188863333120704],[-101.76086023573647,21.189300436691067],[-101.76072738182931,21.189513957777628],[-101.76044271207779,21.189931245414144],[-101.76027361796748,21.190215808386817],[-101.76018167568792,21.1906098171027],[-101.76009933931404,21.190943283264122],[-101.76002227319998,21.191271631146382],[-101.75998963262228,21.19153635134396],[-101.75997565477999,21.191939150046746],[-101.75996081785131,21.192440089276218],[-101.75995950247516,21.192802423979174],[-101.75994345046317,21.193237965382323],[-101.75992652810584,21.19348230015569],[-101.7598415082934,21.1938158101649],[-101.75980839997118,21.194055377354612],[-101.75978973024624,21.194350061960645],[-101.75970927939485,21.194640724189263],[-101.75959927870878,21.194929353283943],[-101.75951103267039,21.195089307536787],[-101.75935242665813,21.195361118431876],[-101.75923015423639,21.195566917804403],[-101.75910030256296,21.19579800161354],[-101.75915122378939,21.19586017069963],[-101.75923548796258,21.195930160666766],[-101.75953221193748,21.196176619184136],[-101.75951318779336,21.196232543873304],[-101.75940971636898,21.19653671499217],[-101.75931876777719,21.196813763772074],[-101.75921893191669,21.197040989318854],[-101.75848110543069,21.198714444018357],[-101.75839570722802,21.198897081535826],[-101.75838146772233,21.19893362348255],[-101.75834422655174,21.199030891342982],[-101.75828348081247,21.19919749427768],[-101.7582579782036,21.19927209137438],[-101.75818847710309,21.199483139501126],[-101.75794263874427,21.20028024540159],[-101.75782048744813,21.20018886446792],[-101.75732401018261,21.199669122056186],[-101.75655211844081,21.198361297641693],[-101.75703725123441,21.19722338985764],[-101.75669583503655,21.19683159634099],[-101.75647295147576,21.19659117702736],[-101.75633869509215,21.196446357223362],[-101.75597618275788,21.196103631717996],[-101.7557416646023,21.195884823164374],[-101.75542458825683,21.19560848745993],[-101.7552783580411,21.195483733677353],[-101.75504851180094,21.195291767477876],[-101.7548445604058,21.195119100607247],[-101.75464876080618,21.19488068993992],[-101.75460864422143,21.19483184281171],[-101.75445325412839,21.194658108715398],[-101.75439728428782,21.194595451216628],[-101.75425948580806,21.19489508469357],[-101.75260162818113,21.198001448303955],[-101.75250025681429,21.19823035985674],[-101.75241936202906,21.198173239108613],[-101.75177720211535,21.19760662556786],[-101.75093324852483,21.19681590398325],[-101.75049761260557,21.196287958516972],[-101.75002893423503,21.195515958701073],[-101.74986333978858,21.195192779816075],[-101.75003097184243,21.194989477080462],[-101.75095473829057,21.193405663502297],[-101.75188631093073,21.191815963309196],[-101.75196612008779,21.191942624102502],[-101.7525446424377,21.19109053096886],[-101.75256483785337,21.19112401302306],[-101.75249391817182,21.190973215397317],[-101.7521680576672,21.190431096909506],[-101.75201155321176,21.190190084180742],[-101.75187036410871,21.189951597759272],[-101.75186708797894,21.18995371273286],[-101.751860239891,21.189957064676683],[-101.7518075318389,21.189875895097273],[-101.75171334240436,21.189730844542222],[-101.75163058463212,21.18960210758089],[-101.74984905701595,21.190385801248457],[-101.74801880896933,21.191453442247592],[-101.74785451851669,21.191536192824636],[-101.74679663726884,21.192238839564833],[-101.74679287553444,21.19223177952333],[-101.74648681694308,21.191757630712715],[-101.74724903801129,21.191317289586763],[-101.74764126087085,21.1910959294747],[-101.7477900871946,21.190987383536456],[-101.74767591183375,21.190754309234567],[-101.74755625178878,21.190511434983016],[-101.74721462213063,21.18989053856758],[-101.74707610574079,21.189583046803712],[-101.7469869533302,21.189389587918612],[-101.74686307996052,21.189136501186088],[-101.74674233701823,21.18889281408863],[-101.74656542638272,21.188535765803312],[-101.74654300097237,21.18849050576666],[-101.74621222552861,21.18782864512248],[-101.74600186311781,21.18740812471947],[-101.74593723967266,21.1872789400197],[-101.74611354517451,21.18720517357962],[-101.74736691445824,21.186646604327766],[-101.74757408570463,21.187037280523427],[-101.74930130117652,21.185944285127782],[-101.74914480367828,21.18573947472551],[-101.74924473991322,21.18566064650648],[-101.75089555967354,21.18473343871969],[-101.75074722892626,21.18450028419544],[-101.75040061351451,21.183959319601612],[-101.74878170945124,21.184869773558326],[-101.74868083360812,21.18486153376601],[-101.74843207619035,21.18443202162487],[-101.748307227488,21.184218188886337],[-101.74818387471271,21.18404515500782],[-101.7480614609257,21.18383439618607],[-101.74766662852922,21.183219677483134],[-101.74712368165042,21.182368223036786],[-101.74690713021286,21.18208759836145],[-101.74666598742233,21.18179190256101],[-101.74658658207379,21.18197772927587],[-101.7458696855168,21.18385968667693],[-101.74549964878744,21.183976895906945],[-101.74536041944086,21.18355464732489],[-101.7443876953411,21.183850575017452],[-101.74404743258397,21.183173065677764],[-101.74349435460866,21.182071795602525],[-101.7458253747179,21.181115225193135],[-101.74604512417767,21.18102132522694],[-101.74598933481832,21.180954971157057],[-101.74572220566715,21.18064368853259],[-101.74658143146713,21.179774138527552],[-101.7473906739959,21.178955158183413],[-101.74823655389837,21.178099086838454],[-101.74838396281973,21.17819240482194],[-101.74839739687427,21.178127414115767],[-101.74869202696597,21.178288785631665],[-101.74912245069474,21.17759745468645],[-101.7496583497242,21.1766298221336],[-101.75178475017695,21.174456918349506],[-101.75229559768272,21.174651335970143],[-101.75328878722198,21.173120289830596],[-101.7529954660098,21.17313969763818],[-101.75257630112029,21.173167431096108],[-101.7521176455978,21.173202042097586],[-101.75164940505775,21.17323966371565],[-101.75106662597855,21.173275095293732],[-101.75057749653851,21.173300447920226],[-101.75017760146999,21.17331634399997],[-101.74980837422493,21.173331020174384],[-101.74928340692105,21.173357617016674],[-101.74867209296934,21.17335853351676],[-101.74814532181448,21.17334453138221],[-101.7480402067333,21.173312386734086],[-101.74777104319163,21.173283511420546],[-101.74738473661817,21.17322161239321],[-101.74683914310319,21.173122018468888],[-101.74640785006657,21.17309066031462],[-101.74588544496392,21.173050079780857],[-101.74548461843399,21.17301894143548],[-101.74512993172942,21.172991386665476],[-101.74464286160168,21.172944237646938],[-101.74405908195462,21.172890306755715],[-101.74360488823757,21.173622145354724],[-101.74270059223495,21.173393603450887],[-101.74231210109082,21.174104109964205],[-101.74210273863264,21.17449203215231],[-101.7413797038402,21.175827911092664],[-101.74124444054712,21.17607525798482],[-101.7411594220145,21.17628914048371],[-101.74118520384592,21.17630411311906],[-101.74126285493224,21.17634920845181],[-101.74140358803209,21.17643093805836],[-101.74146937292231,21.17647112290784],[-101.74161673289652,21.176561137899913],[-101.74179434277707,21.176669630742914],[-101.7419254656461,21.17674972679956],[-101.74211002555094,21.176872605937817],[-101.74232256818898,21.177014115316705],[-101.74241517819945,21.17708416888107],[-101.74252024636054,21.177163646089756],[-101.7426431604753,21.17726713930702],[-101.74278378163771,21.17739482295543],[-101.74291910375008,21.17751702100595],[-101.74302004212844,21.177389548496325],[-101.74395341700908,21.17588916355234],[-101.74439306046156,21.17611491196094],[-101.74429744782124,21.176261815985168],[-101.74383016130425,21.17702440556335],[-101.74448843130976,21.178132884647567],[-101.74543546730673,21.17664275619861],[-101.7468782517736,21.177425280549745],[-101.74540068855632,21.179795329538447],[-101.74508591241796,21.179935194184576],[-101.7449641053488,21.18007917348132],[-101.74328876572152,21.181618367552154],[-101.74313911545805,21.181784147041174],[-101.74295269480616,21.181396464672044],[-101.74231451425658,21.18193455788282],[-101.74211846780041,21.18170543164065],[-101.74192455098073,21.18191241767219],[-101.74117870226948,21.181592032331842],[-101.74193960901927,21.180774716988882],[-101.74236007558287,21.18020535926846],[-101.74190170040428,21.179184832215427],[-101.74104905660805,21.177575308076214],[-101.7394618156896,21.176435216432036],[-101.73708531797939,21.174320054773798],[-101.73702145829552,21.17425685634157],[-101.73722660863078,21.174169125550023],[-101.73880545547486,21.173474734758436],[-101.73897466929684,21.173381171817194],[-101.73879110890778,21.17304386796559],[-101.73898825876948,21.17299117845507],[-101.74053252512518,21.17283284243531],[-101.74112874732833,21.172818014119112],[-101.74154684559737,21.17275898425912],[-101.74148200784396,21.172673824576044],[-101.74110660244556,21.172039884870262],[-101.74056664922445,21.171128064173626],[-101.74035203596698,21.170765642055763],[-101.74020254227806,21.17053968978105],[-101.73990302180593,21.170595088320436],[-101.73949933917818,21.170692672036658],[-101.73926857104921,21.170761235612485],[-101.7390195860482,21.170845699153507],[-101.73883002676611,21.170918592065853],[-101.73864324095769,21.170997533541335],[-101.73845944884744,21.17108243343453],[-101.73827886659534,21.171173191191198],[-101.73805463387185,21.171297940611165],[-101.73781131735723,21.171430807245848],[-101.7376149673905,21.17152785004027],[-101.73741348873504,21.171627427254585],[-101.73717164284196,21.171746954781664],[-101.7369575710791,21.171852755068418],[-101.73674598700342,21.171957325474914],[-101.73646900284898,21.172094217723654],[-101.73627254938617,21.17219130935435],[-101.73587969243026,21.17238546690334],[-101.73570085758848,21.17247385011177],[-101.73548426468093,21.172580592382584],[-101.73537625487637,21.172628659443017],[-101.73518000179534,21.17243443128791],[-101.73436037014449,21.17306395688893],[-101.72701987641967,21.177055004016715],[-101.7265893078404,21.1772396660565],[-101.7260469140149,21.177325809049595],[-101.72610588979651,21.17757706254861],[-101.72630927352134,21.177967054053106],[-101.7264416934575,21.178392225493486],[-101.72649729569295,21.178499883197897],[-101.72661208419137,21.17877753502435],[-101.72686713299383,21.179215961489927],[-101.72706093044488,21.179459206665832],[-101.72740325674383,21.179794776075507],[-101.7275173500357,21.179850261137616],[-101.72757387429232,21.17985899114381],[-101.72754154500359,21.180285984412635],[-101.72730905598519,21.181237166350126],[-101.72685616327094,21.18191346213179],[-101.72651557878878,21.182391776703213],[-101.72643139495096,21.18262521532498],[-101.72625644553446,21.182917539837415],[-101.72608176123761,21.183092014987775],[-101.72530211544395,21.18375561655024],[-101.72510246440734,21.183985242898228],[-101.7249828800034,21.184270591170456],[-101.72478180496695,21.185087612771845],[-101.7243052446811,21.185609433726565],[-101.72322013845576,21.186412687404868],[-101.7227776051316,21.18686901993182],[-101.72266233303185,21.187082988174097],[-101.72250534575565,21.18718870735451],[-101.72218960771121,21.18730990433952],[-101.722327734389,21.18801151551158],[-101.72245180588047,21.188573233727233],[-101.7230979658259,21.189340383149055],[-101.72327900334916,21.18959798276549],[-101.72342802177629,21.189974505746594],[-101.72368242556973,21.190712539345448],[-101.72386514910765,21.19117680728806],[-101.72442243200183,21.192003122264516],[-101.72453414504686,21.192181036758083],[-101.724765335591,21.192549229656198],[-101.72489739606691,21.19279970558748],[-101.72507007248811,21.193049157669822],[-101.72529052691395,21.1934038932525],[-101.72489725360144,21.193791463950628],[-101.72447094620284,21.19421109672079],[-101.72425125494622,21.194478490925388],[-101.72391827432558,21.19481780688433],[-101.72339243994334,21.19535838079787],[-101.72316817340752,21.195589208543243],[-101.7233743265381,21.19574508541224],[-101.72360964643222,21.19591040433826],[-101.72376542300277,21.196036398861747],[-101.72414564354256,21.19578621025188],[-101.72474399732992,21.19543348739939],[-101.72564133168689,21.1948658001516],[-101.72627272254469,21.194462917951636],[-101.72689394374288,21.19400573738899],[-101.72747196358104,21.193526321918835],[-101.72782102856155,21.193228316611815],[-101.72822282678503,21.192806206076273],[-101.72848054132005,21.19252687353348],[-101.72880136601405,21.192189194082196],[-101.72902926128839,21.19195047148444],[-101.72937695039722,21.191577960941864],[-101.73258423083954,21.193277259146594],[-101.73284245185722,21.193411815266867],[-101.73318591884829,21.19355669390817],[-101.73305626903023,21.19418592434182],[-101.7329499386225,21.19497021601775],[-101.7329098639224,21.195255890236584],[-101.732848768549,21.19578593559553],[-101.73278245665774,21.19640338734905],[-101.73271916470499,21.196992717378325],[-101.73268367760127,21.197323147369147],[-101.73266648043885,21.197483274555648],[-101.73263128447572,21.197764269465853],[-101.73257220198293,21.19806520231629],[-101.73249477631025,21.19845078179389],[-101.73246806373395,21.1985820972137],[-101.73208510739715,21.20021242336561],[-101.732034724878,21.20045182359588],[-101.73182704963241,21.201490032454902],[-101.73138091666698,21.203750867434636],[-101.73129050299691,21.20416259676162],[-101.73075636728562,21.206981487971074],[-101.73064642023061,21.207484875154947],[-101.73023750067976,21.209515122227753],[-101.7299592824973,21.21100725021003],[-101.72971851778655,21.212209272481143],[-101.7294507568925,21.213330445542763],[-101.72926587531566,21.213268407112533],[-101.72899709159614,21.213184003552517],[-101.7286634700564,21.213075726791764],[-101.72802917680103,21.212863603066136],[-101.72753098988642,21.212688922592925],[-101.72738876108865,21.212634425991084],[-101.72690133791991,21.212433665474496],[-101.72659405689159,21.21230569319175],[-101.72642779449497,21.212231724120798],[-101.72602916697639,21.212052808010263],[-101.72560012968063,21.21186024145905],[-101.72550591322613,21.211820690787697],[-101.7252364021113,21.211729776649545],[-101.72493369686448,21.211627664864853],[-101.72478945667359,21.211570218185667],[-101.72455779076876,21.211467931539794],[-101.72426925895434,21.211340536411857],[-101.72398398308336,21.21121457814241],[-101.72373667083748,21.21110538141624],[-101.72353304541885,21.2110154734907],[-101.72341848848596,21.210961102756713],[-101.72324036476063,21.210856577621577],[-101.72298962670574,21.210709440925566],[-101.7227537127497,21.21058396526005],[-101.72231941821613,21.210352975326824],[-101.72193026316017,21.210145992255583],[-101.72160345621205,21.209972169243244],[-101.72151517805827,21.209941290447254],[-101.72145541588439,21.209916826258784],[-101.72144888811985,21.209878831537736],[-101.72140764454483,21.20962016048058],[-101.72137693060318,21.20948783700591],[-101.7213351686072,21.20929540076075],[-101.72131034753149,21.20920097913243],[-101.72110554916503,21.20902319688094],[-101.7210586391342,21.20897292799557],[-101.72099177456766,21.208861367807895],[-101.72095966841442,21.208802835429896],[-101.7209435212936,21.208763606254166],[-101.72092240829511,21.20861647673333],[-101.72091044478147,21.208519725314783],[-101.72089036220042,21.208333697527745],[-101.7208628188877,21.208110947499613],[-101.7207498364704,21.20770773420073],[-101.72061347269566,21.207161207315107],[-101.72054997548018,21.20691817777868],[-101.72050983163238,21.20678893908249],[-101.7204691771957,21.20665805631147],[-101.72042918309384,21.206529299135397],[-101.720421706199,21.206498067114225],[-101.72041479140574,21.206465045541872],[-101.72040620546576,21.20642404338616],[-101.72039198426863,21.20635612999404],[-101.72038091105924,21.206303249774823],[-101.72036323412763,21.206218832710924],[-101.72034867844579,21.206149320292187],[-101.7203329359678,21.206074140086915],[-101.72032057159029,21.206015092359117],[-101.72030995306281,21.20596438212029],[-101.72030300624414,21.205931206606774],[-101.72029244155485,21.20590610864891],[-101.72025889464773,21.20582641301518],[-101.7202279648478,21.20575293440177],[-101.72019108106235,21.205665309482796],[-101.72014858417809,21.205564349347576],[-101.7201060873458,21.205463389163544],[-101.72009127344963,21.205428195589686],[-101.72008725147303,21.205390560394036],[-101.72008031927996,21.205325693101763],[-101.7200725245752,21.205252754836586],[-101.72006286260934,21.205156061244477],[-101.72004484149137,21.205110816621417],[-101.72002121714013,21.205057530472576],[-101.7199890014717,21.20498486601232],[-101.71995002579968,21.204896953820636],[-101.71989792693077,21.204779441190347],[-101.71985612269725,21.20468514865868],[-101.71980802101506,21.20457665158073],[-101.71974721316734,21.20443949447486],[-101.71968486308218,21.204298858394576],[-101.71966471588271,21.20425341454913],[-101.71963697431423,21.204206591513614],[-101.71960603642327,21.204154373585258],[-101.71954326561273,21.204048426925286],[-101.71950468790698,21.203983314094213],[-101.71947896204438,21.20393989302221],[-101.71940661872414,21.203866643801096],[-101.71933576885326,21.203794906621905],[-101.71928408375996,21.203742574167904],[-101.71924253494595,21.203395138415903],[-101.7192340488433,21.203325862885873],[-101.71923098053732,21.20330030929329],[-101.71921984615261,21.20326912053812],[-101.71919609541337,21.203202591796273],[-101.7191755786787,21.203145122710627],[-101.71915205261489,21.203079224302076],[-101.71912817502005,21.203012341151457],[-101.71909631717368,21.20292310452757],[-101.71908866961311,21.202901683019125],[-101.71908129759875,21.202846605588036],[-101.71906710165867,21.202740545408176],[-101.71905765789707,21.202669989403574],[-101.71904159393337,21.20254997247541],[-101.71902019457131,21.202390093325054],[-101.71899457023781,21.20219864877341],[-101.71898728697666,21.2021442340354],[-101.71898439492001,21.202122626870512],[-101.71894693249169,21.202055279292406],[-101.71891459361686,21.201997146058858],[-101.7189101210159,21.20197325311724],[-101.71889948672772,21.201916443977225],[-101.71888631386958,21.20184607352936],[-101.71886432741105,21.20172861993091],[-101.71883346790852,21.201563765322778],[-101.71880771734945,21.2014262028301],[-101.71878465216868,21.201302985647175],[-101.71876297522942,21.201186747602254],[-101.71874296699819,21.201075428774956],[-101.71871398236397,21.20091416796142],[-101.71868418227456,21.200748369723488],[-101.71866304257341,21.20063075482831],[-101.71863271992613,21.200462048354954],[-101.71861632438896,21.200370828090662],[-101.7185928162287,21.200240034877147],[-101.71857664926979,21.200150085991027],[-101.71856451859469,21.200082593872803],[-101.71854591488415,21.199998325912468],[-101.71853047736317,21.1999283995296],[-101.7184991248553,21.199786383749057],[-101.71847526307502,21.199678298076194],[-101.71844248289543,21.199529814778202],[-101.71841608871057,21.199410257625576],[-101.71839385919435,21.199309564882565],[-101.7183774596524,21.199253412044893],[-101.7183609440436,21.199198162778565],[-101.71834831592459,21.199155918202408],[-101.71833744636716,21.19911955648045],[-101.71832092520624,21.199064288879853],[-101.71830535603488,21.19901220591429],[-101.71828100231043,21.198930736219623],[-101.71824388056854,21.19880655388773],[-101.71820686863865,21.198682738644358],[-101.71818176333828,21.198598754253386],[-101.71814631529332,21.198480170225963],[-101.71812911422222,21.198422627550226],[-101.71812292238731,21.19839165688413],[-101.71812173815627,21.198366914455466],[-101.71812027560888,21.198336357068424],[-101.71811720494432,21.19827220077384],[-101.7181138121259,21.198201313477465],[-101.71815510518863,21.198200648681873],[-101.71813847760093,21.198118956048006],[-101.71812525205297,21.198053977814137],[-101.71810827968913,21.19797059104633],[-101.71809070213361,21.197884230783927],[-101.71807954924203,21.197829435459735],[-101.71806657782824,21.19776570547633],[-101.71803818768316,21.19762622131456],[-101.71802018073333,21.197537750844972],[-101.71800758559287,21.197475869209644],[-101.71798654196802,21.197372478869763],[-101.71796962309655,21.19728935389328],[-101.71795413244419,21.197213245864315],[-101.71792586643625,21.1970743702207],[-101.71790455333593,21.196969655149513],[-101.71788225886513,21.196860118218613],[-101.71787086161207,21.196804121285606],[-101.7178542156967,21.19672233654732],[-101.717830018138,21.196603448847092],[-101.71781090624182,21.196509547896923],[-101.71778513484173,21.19638292708812],[-101.71775736152497,21.196246470079377],[-101.71774232989871,21.196172615931143],[-101.71770378045795,21.196171391270045],[-101.71763493730359,21.196169204198558],[-101.71750330349099,21.196165847628098],[-101.71724674137536,21.196159552308846],[-101.71700887963219,21.196153715494304],[-101.71684198959085,21.196149620030887],[-101.71647473541006,21.19614060706923],[-101.71631206130958,21.196136614549133],[-101.71607726528099,21.19613085163355],[-101.71593555234995,21.196127373347867],[-101.7156127514199,21.19611944947468],[-101.7154948171595,21.19611655446327],[-101.71535370654163,21.19611309019124],[-101.7152281760447,21.196110008770283],[-101.71512302207205,21.19610742689297],[-101.71469663743251,21.19609695887924],[-101.7141477460899,21.19608348109978],[-101.71414808015021,21.196079326767812],[-101.71399879018618,21.196080583302656],[-101.71387203161191,21.196080987641437],[-101.71383254730786,21.196081038040777],[-101.71383424407796,21.19586907019838],[-101.7138346729351,21.195815496151617],[-101.71383510051292,21.195762082172127],[-101.71383780574709,21.195650839093922],[-101.71383976581286,21.19559774414278],[-101.71384425772594,21.195507072608724],[-101.71384691664092,21.195453401078886],[-101.71384926879746,21.195405921629707],[-101.71385078010674,21.19535626907933],[-101.71385154816168,21.19530467639225],[-101.71385264342241,21.19523110444999],[-101.71397256997841,21.19504059386869],[-101.71401826135457,21.19496801022129],[-101.71404787848792,21.194920961487572],[-101.71406520540803,21.19489114702976],[-101.71407268979674,21.194878268626933],[-101.71413516544382,21.19474684978109],[-101.71416058573877,21.194692061208986],[-101.71420842013272,21.194592479565827],[-101.71422922886312,21.194548590167866],[-101.71427190735638,21.194464476784365],[-101.7142948848715,21.19442060987539],[-101.71430910104154,21.194391173120163],[-101.7143494586941,21.194313052251154],[-101.71441596532131,21.194180557854654],[-101.71444912276223,21.19411717552393],[-101.71450168321098,21.194014400142375],[-101.71454967334307,21.193920561321622],[-101.71460068615194,21.1938214450588],[-101.71462544736995,21.193772695836856],[-101.71464012670793,21.193746284407165],[-101.71464563746466,21.19373578272198],[-101.7146600508809,21.193708315496384],[-101.71466669029853,21.193695662949164],[-101.71466935323329,21.1936905882703],[-101.714670535628,21.19368554938937],[-101.71468229964593,21.193635415962316],[-101.71470672761937,21.193534950645507],[-101.71472465276095,21.19345331517037],[-101.71474334954371,21.193374675645916],[-101.71476970529505,21.19325820531861],[-101.71479349020683,21.19315366777158],[-101.7148267199605,21.19301018502191],[-101.71485106090144,21.19291235809121],[-101.71487414394322,21.19281429268105],[-101.71489396028895,21.19273578557728],[-101.71491312526034,21.192659858984282],[-101.71493229467276,21.192583914736414],[-101.7149510521138,21.192509602553656],[-101.71495857042714,21.192479192748717],[-101.71496726326109,21.192428527745953],[-101.71497109221953,21.19239588237977],[-101.71497897919056,21.192324920301797],[-101.71498567599747,21.192264666558884],[-101.71499262325763,21.19220215936836],[-101.71500237888466,21.192114384171905],[-101.71500999706635,21.192045840375705],[-101.71503370495579,21.191835671857284],[-101.71504237986262,21.1917590829008],[-101.71505032861707,21.19168890496078],[-101.71505574185058,21.191641112602593],[-101.71506328111333,21.19157454993272],[-101.71505734314889,21.1915014886956],[-101.71504188529872,21.191316323372707],[-101.71503653022745,21.191206023067714],[-101.71503489805859,21.191158287184283],[-101.71503152673934,21.191059686269497],[-101.71502757993582,21.190950470748728],[-101.71502495351665,21.19088026106749],[-101.71499714866061,21.19075776901024],[-101.7149647478231,21.190606896441967],[-101.71493990107312,21.190491198756952],[-101.71492386007827,21.190416504516136],[-101.71484022463045,21.190414400894625],[-101.71464322161872,21.190409445656748],[-101.71453117808807,21.190406627310665],[-101.71441465853779,21.190403696295363],[-101.71397639336685,21.190392671138863],[-101.71327313045151,21.190374977213235],[-101.71278986756863,21.1903628167281],[-101.71227192146044,21.190352572957206],[-101.71177681522715,21.190337320482318],[-101.71110188559837,21.19032167209591],[-101.71055347890974,21.19030938308506],[-101.71040830805586,21.190306129713896],[-101.71038642429691,21.190241183011864],[-101.71030667062463,21.190004489157328],[-101.71028026556563,21.18992227880872],[-101.71026008070366,21.189847914622167],[-101.71020910909031,21.18966012680729],[-101.71017867989498,21.189548020352316],[-101.71013985464974,21.189404981073086],[-101.7100958970335,21.189244611680202],[-101.71003418626962,21.189019473207804],[-101.71000414387485,21.188909869665324],[-101.70998251341076,21.18883095520506],[-101.70994695894728,21.188701241561084],[-101.70989772504784,21.18852162063924],[-101.70985774777533,21.188375770427296],[-101.70975713115793,21.188387142934282],[-101.70952375535315,21.18841352072801],[-101.70934854299082,21.188433324260185],[-101.70922412667913,21.18844738641167],[-101.70901243774021,21.188471312336116],[-101.70884446806996,21.18849029674351],[-101.70871414044736,21.188505026623076],[-101.70851377238655,21.188527672408803],[-101.70836254939479,21.18854476361286],[-101.70819800617267,21.18856336011122],[-101.70805091861986,21.18857998365081],[-101.70796607298993,21.188589572674175],[-101.70793251202089,21.188592809511704],[-101.70783375075615,21.188599070020505],[-101.70772022999891,21.188606266067193],[-101.70755733702974,21.188616591669536],[-101.70745445423489,21.188623113213183],[-101.70730709173714,21.188632454130676],[-101.70719247219027,21.188639719470263],[-101.70712238984763,21.188644161711032],[-101.7071215220839,21.18866209744785],[-101.70708317161369,21.189455048730498],[-101.70699546949146,21.189456454444596],[-101.70680236751825,21.189459549376444],[-101.70661179799572,21.18946260350313],[-101.70641436568627,21.18946576738824],[-101.70631112281599,21.189384291264602],[-101.7062000072477,21.189296602064875],[-101.70616209251651,21.189266680809933],[-101.70618530799693,21.189063179865094],[-101.70616557308418,21.189017486733565],[-101.70610261838824,21.188860846041646],[-101.7060642081349,21.188771912441876],[-101.7060118787632,21.188661628677334],[-101.7059799698476,21.18855847546294],[-101.70597523375577,21.188298461471675],[-101.70601404799224,21.188066673449267],[-101.7060363727834,21.187933355679988],[-101.7060440518589,21.187838293679466],[-101.70605418790217,21.187642635563325],[-101.70604655308112,21.1875618401994],[-101.70602646391966,21.187479335497592],[-101.70598144278965,21.18735425793927],[-101.70600181562469,21.187071218783874],[-101.70601126387365,21.186915058005166],[-101.70582961287776,21.186729808512418],[-101.70579200012891,21.1866914505676],[-101.70568803689166,21.186704991780427],[-101.70561679352153,21.186717948850657],[-101.70527109994266,21.186787490474384],[-101.70480421514166,21.18687417360316],[-101.70434106675674,21.18696016167119],[-101.70337643618491,21.187101038630743],[-101.7018753011826,21.187320256675466],[-101.70097602850956,21.187446129890382],[-101.69962594386948,21.185365949913923],[-101.69938311991952,21.18546963664713],[-101.69941763496091,21.185552581004423],[-101.69952286350617,21.18579466839365],[-101.69952991035127,21.185870573044326],[-101.69953855982708,21.185963740154104],[-101.69955599165702,21.186151505067492],[-101.69956971842137,21.18628287808485],[-101.69958105713796,21.186451038813015],[-101.69959504671466,21.186572179163115],[-101.69962720513136,21.186720117111566],[-101.69965658264803,21.186832048929205],[-101.69967414914163,21.186929018332552],[-101.69970245878788,21.18705924934287],[-101.69971660720422,21.18713139026669],[-101.6997398944862,21.18723146186956],[-101.69977072584821,21.187380348865666],[-101.69978933854213,21.18746597141776],[-101.69980554222164,21.187540511859137],[-101.69982545394848,21.18762505241869],[-101.69983140990071,21.187687177745413],[-101.69983936471793,21.187830251826153],[-101.6998506189141,21.188032667022163],[-101.69985376689031,21.188157132582795],[-101.69986485685561,21.18833762628071],[-101.69987815944751,21.188527999363608],[-101.69988471075192,21.188673326141213],[-101.6998695070965,21.188844446933032],[-101.6998548043187,21.18905382765852],[-101.69982986767144,21.18939050768446],[-101.69978392097349,21.18993335597121],[-101.69975588030128,21.190290115578893],[-101.69972983286362,21.19062151503652],[-101.69971046446359,21.190909667004775],[-101.6996650463128,21.19144578761487],[-101.69966127668802,21.191543638180445],[-101.69965949587673,21.191632887633062],[-101.69965750280703,21.191732775163015],[-101.69965757918578,21.191804811878562],[-101.69965329891876,21.19200218318766],[-101.69964824508676,21.1921967518882],[-101.69964621988362,21.192328613117308],[-101.69964211331695,21.192504066053566],[-101.69963988166239,21.192615913531405],[-101.69963841610345,21.192689365531937],[-101.6996356189935,21.192829553629284],[-101.69963616790295,21.192906913660273],[-101.69966744956528,21.193033813106265],[-101.69973817948441,21.19328964449089],[-101.69980968375758,21.193561688562042],[-101.69985823143384,21.19372387196605],[-101.69985467113173,21.19384797684746],[-101.69985231767916,21.193930013540182],[-101.69984948222871,21.194028851852135],[-101.69984084602757,21.19432989401188],[-101.69983104838238,21.19467142362281],[-101.69982329157074,21.19494181440739],[-101.69981948590873,21.195198891745545],[-101.69981302196375,21.19537098319228],[-101.69982158290757,21.195558181163626],[-101.69983878571661,21.195848016178413],[-101.69989272886824,21.196036871569124],[-101.69995747046518,21.196263531592983],[-101.69998737628119,21.19634974291847],[-101.70001972526693,21.196438816062305],[-101.70004725177336,21.196514610372304],[-101.70008236005245,21.196611280972842],[-101.70013043884276,21.19673181907888],[-101.70014600529683,21.196786527667864],[-101.70013440027587,21.19683266365459],[-101.70010073686038,21.196941462391575],[-101.70005710053859,21.197089167983794],[-101.70004131374142,21.197207116674864],[-101.70000365932485,21.19751818609515],[-101.69997240025879,21.197776421954657],[-101.69992302484218,21.198184318789863],[-101.69989186993354,21.1984416930188],[-101.69986984732431,21.19862362401492],[-101.6999107598743,21.198755468223478],[-101.69998816406512,21.199004909071444],[-101.70000510504805,21.199274809983674],[-101.70001343036827,21.199452211393037],[-101.70002684251607,21.199685196185175],[-101.69994075517478,21.199980963149635],[-101.6998885313753,21.20016151687196],[-101.69984026118499,21.200328401432323],[-101.69978363325123,21.200524180831827],[-101.6997062535408,21.200791704533856],[-101.69966063582238,21.200949417610648],[-101.69956676920025,21.20109944492638],[-101.69939094892183,21.20138701088112],[-101.69927557753364,21.201573831783747],[-101.69912254300982,21.20181501976477],[-101.69903787876278,21.201944031531728],[-101.69898879538835,21.202018168128774],[-101.69891788730752,21.202127702705333],[-101.69883793979632,21.20224845680686],[-101.69869451904654,21.202462647850485],[-101.69858465833958,21.202631016099005],[-101.69823261059632,21.203160314056944],[-101.69803955993696,21.203264050753052],[-101.6974634759071,21.203559773770138],[-101.69731668692039,21.203578593906375],[-101.6972511803325,21.203586992606805],[-101.69698304308487,21.203615885617722],[-101.69688779360253,21.20372983148456],[-101.69667512479161,21.203978507076812],[-101.69652840794365,21.204151284622874],[-101.69651211028314,21.2043140488824],[-101.69645767051483,21.20451353443336],[-101.6963698994005,21.204593773208416],[-101.69623052183438,21.204711230665872],[-101.6960935436956,21.204834294461527],[-101.69590618648577,21.20505048119408],[-101.69592788018171,21.205176526668385],[-101.69567915016411,21.205457073862025],[-101.69517422295748,21.205579861481375],[-101.69494359700924,21.205649379578233],[-101.69479876446277,21.205593009952487],[-101.69451207810079,21.205635955826203],[-101.69443429505507,21.205763532095705],[-101.69437506921214,21.205862260784553],[-101.69431595633426,21.205846791398912],[-101.69411252071141,21.205800323945805],[-101.69396206209012,21.205754109503346],[-101.69387774489397,21.205761188136297],[-101.69394258876456,21.205957548657373],[-101.69406833481992,21.20609773272736],[-101.69419449474645,21.20623913078873],[-101.69442735125392,21.206429850720767],[-101.69474037161925,21.206680825639253],[-101.69492181570259,21.20683749821036],[-101.69506468958558,21.20698011256385],[-101.69543218409535,21.207255672283633],[-101.69575047495886,21.20747870073475],[-101.69597267620628,21.20764271300858],[-101.69608592318289,21.208019808925666],[-101.69616897596292,21.20829636186608],[-101.69639424505803,21.208545266830026],[-101.69665222919618,21.208830320487017],[-101.6968446478874,21.208937918223697],[-101.69694312632218,21.20898944158374],[-101.69711885617744,21.20908138220508],[-101.69720477210844,21.20909060072686],[-101.69731354810227,21.209115881988446],[-101.69774039730422,21.209190797996524],[-101.69816208529498,21.20927077030291],[-101.6987936683248,21.209375072406544],[-101.69964889826318,21.209528183734964],[-101.70099907597374,21.20976989689554],[-101.70100826164597,21.209938812707854],[-101.70098419805025,21.210109301413706],[-101.70090845966075,21.210682220079534],[-101.70083041528791,21.211272581914756],[-101.70076872678932,21.211739209777424],[-101.70067420129675,21.212036336125486],[-101.7005675071111,21.212378901716143],[-101.70039424695464,21.21262823153771],[-101.70023862238008,21.21285218033719],[-101.7000655739823,21.213101201711364],[-101.69994448339698,21.2133929791394],[-101.69983827370912,21.213659157097094],[-101.69979911188805,21.213752165581976],[-101.69980625736221,21.214042028262977],[-101.6998124115359,21.214398968137687],[-101.69983304649007,21.21453339398294],[-101.69985651221968,21.21467071810942],[-101.699877047614,21.214790893290342],[-101.69989751751064,21.214910684903803],[-101.70002099651649,21.21510904787656],[-101.70007696932794,21.2151989652267],[-101.70037007009367,21.21550770677448],[-101.70059131092741,21.215740530880513],[-101.700759343606,21.215917360325466],[-101.70091242256196,21.216078452639564],[-101.70111723984925,21.21629369482463],[-101.70143614803062,21.216651274357886],[-101.7015571811616,21.216789016782172],[-101.70165656363045,21.217028421979855],[-101.70182037814486,21.217421272963215],[-101.70197388369245,21.217943483391295],[-101.70200505971661,21.218051759618195],[-101.70199135672391,21.218234623934514],[-101.70192007576195,21.219125109285677],[-101.70183353422995,21.220206213434956],[-101.70175676553197,21.221165234631577],[-101.70166426457124,21.22232079683896],[-101.70159411008834,21.22319716942861],[-101.70151731801005,21.224156465316526],[-101.70047408836203,21.223972299168878],[-101.69834825982603,21.22359587369208],[-101.69656426948401,21.223274918370507],[-101.69306291069908,21.22265030870577],[-101.69069719952259,21.222231312621624],[-101.68882007833558,21.22189393363239],[-101.6871507723895,21.221604695212903],[-101.6863020784661,21.221445052669818],[-101.68516867262477,21.221255301518717],[-101.6838400290025,21.221010589120436],[-101.68061178686409,21.2203961538582],[-101.67925703627468,21.220144099382136],[-101.67786827031534,21.219885658239537],[-101.67807137668555,21.218897409587242],[-101.67855962556771,21.21658556374085],[-101.67875120722668,21.215674997621466],[-101.67893539877004,21.214799548185834],[-101.67924202388141,21.213342163866898],[-101.67942519417791,21.212471548642043],[-101.67904211976798,21.212370023398503],[-101.67817761217525,21.21214090020951],[-101.67709114812885,21.211854305689016],[-101.67661203262178,21.211725957166983],[-101.67591902314649,21.211542275571418],[-101.67562585824227,21.21146457142771],[-101.67537663022952,21.211398512395515],[-101.6749849942203,21.211294706578155],[-101.67453383689286,21.211175122877748],[-101.67438069363675,21.211134530418775],[-101.67441451218531,21.210993624670586],[-101.6746042739022,21.210328471787108],[-101.67477906453026,21.20968075466519],[-101.6746500442564,21.209645535885105],[-101.67433296011885,21.20952157146021],[-101.67373646144507,21.209280847875295],[-101.67315342870681,21.20903939889123],[-101.67323983683653,21.208800013989904],[-101.67317626233205,21.208774559334046],[-101.67283478538776,21.208653844589573],[-101.67232243204546,21.208528224479288],[-101.6723996306957,21.20825370182691],[-101.67260557909974,21.207594998860557],[-101.67247529985171,21.2075330284603],[-101.67196415332118,21.207326138602156],[-101.67151816159016,21.207172678081932],[-101.67097427141901,21.206995120146598],[-101.67097568501697,21.20692328431094],[-101.67104831726853,21.20671288493485],[-101.67101119162257,21.206608370970272],[-101.67088123741644,21.206600871413286],[-101.670633402449,21.206587594394854],[-101.67040877706685,21.20650515526617],[-101.67001199221517,21.20636811049187],[-101.66964581820939,21.206233446996183],[-101.6693815703263,21.206187194512516],[-101.66948366616968,21.20605542586173],[-101.66972691299638,21.2058136640479],[-101.67012155663923,21.205501942717188],[-101.67051957003841,21.205187706859807],[-101.67094821197288,21.204802195293155],[-101.67046326195502,21.204609197905164],[-101.67001394896282,21.2044493286198],[-101.6696761200499,21.20438997287163],[-101.6693753280361,21.204481304478996],[-101.66897825209638,21.20468017701574],[-101.66913485671171,21.203393952368636],[-101.66873037822319,21.20336129705548],[-101.66868334142016,21.203111021445967],[-101.66862454357057,21.20279816550622],[-101.66838506487365,21.202263041646066],[-101.66817386004396,21.20203079798935],[-101.6679887118647,21.201818873712433],[-101.66771638286507,21.201507158935286],[-101.66747676828902,21.201503820222534],[-101.66737897638774,21.201714229607408],[-101.66712687883843,21.202214373548752],[-101.66693051421038,21.202623301439584],[-101.66676201291101,21.202942820267005],[-101.66672457889031,21.203102143261834],[-101.6665397245987,21.203446647323275],[-101.66645241425067,21.20366135646321],[-101.66644897366106,21.203668315832772],[-101.66634619143694,21.203858460076667],[-101.66623053841884,21.204090470244424],[-101.66607600410464,21.204385948855954],[-101.6660006457567,21.204529787782192],[-101.66594748541807,21.204631222737266],[-101.66582785408852,21.204859522064684],[-101.66565862542826,21.205199521403294],[-101.66560327828553,21.20534939101176],[-101.66558776116602,21.20561551006898],[-101.66548427633327,21.205524771474753],[-101.66515726208772,21.20531707075525],[-101.66471897279041,21.20515976318636],[-101.66417055871638,21.204911117107976],[-101.6642159675081,21.20482818254308],[-101.66442328568621,21.20444217726006],[-101.66452624237202,21.20423327393235],[-101.66464660879646,21.20398533643664],[-101.66473404015116,21.203812071129068],[-101.66488302427406,21.20359415513302],[-101.66521533597046,21.202988904187556],[-101.6653071718197,21.202819194401815],[-101.66516750639244,21.202751723802386]],[[-101.62641196059428,21.159335526034948],[-101.62636950446942,21.15925000031825],[-101.62636943646389,21.159250050302248],[-101.62641196059428,21.159335526034948]]]]}},{"type":"Feature","properties":{"AREA_M2":375552.69,"HAS":37.55527},"geometry":{"type":"MultiPolygon","coordinates":[[[[-101.7333263629412,21.113104200740537],[-101.73318221184904,21.112712115571533],[-101.73307034920131,21.11225516503682],[-101.73289135473831,21.111523978488464],[-101.7328168805421,21.11102055242032],[-101.73274271652512,21.110519218205248],[-101.73279006605371,21.11029368746529],[-101.73289657575617,21.109882166540533],[-101.73315829876044,21.109003244338645],[-101.73325648362831,21.108737224031277],[-101.73363452260595,21.108365386529538],[-101.73386949425519,21.108138115490924],[-101.73431705888486,21.10770521518282],[-101.73468692857067,21.10765121706109],[-101.7348333296745,21.107852359902346],[-101.73534209476195,21.10773006944304],[-101.73572861327554,21.107637161929695],[-101.73624679292493,21.107302391820056],[-101.736943290238,21.10685241493895],[-101.73809126380692,21.1073905121872],[-101.73948023648806,21.108036029874203],[-101.73830750482446,21.108883423739023],[-101.73779305788074,21.109255656490543],[-101.73780184679278,21.109266017950997],[-101.73784401916922,21.109314308012404],[-101.73785555670399,21.109327519217757],[-101.73800698942614,21.10950091892308],[-101.73824471692195,21.109773130218706],[-101.73847824490193,21.110040531417628],[-101.73864699524762,21.11023375811703],[-101.73878439023959,21.11039108099177],[-101.73895519382658,21.11058665739437],[-101.7391344611456,21.110791924274675],[-101.73924782806638,21.11092173264002],[-101.7394655191468,21.111170994223446],[-101.73924459855438,21.111202164963718],[-101.73910115213674,21.111303339437114],[-101.73840910422349,21.111496971853676],[-101.73840432453207,21.111509106994692],[-101.73838629430439,21.11151401322478],[-101.7382953117081,21.11173911029601],[-101.73814338597704,21.11211498341539],[-101.73815854272284,21.11213294325208],[-101.73759141642766,21.113572354698668],[-101.73694068610268,21.112890886512748],[-101.73636533475349,21.113282195399755],[-101.73567315150228,21.113752959181557],[-101.73473369290421,21.1143918897347],[-101.734458222655,21.114149145592073],[-101.73402514613247,21.113767516234553],[-101.73358549812119,21.113380092663807],[-101.7333263629412,21.113104200740537]]]]}},{"type":"Feature","properties":{"AREA_M2":1319652.08,"HAS":131.96521},"geometry":{"type":"MultiPolygon","coordinates":[[[[-101.73081302256226,21.07870907570397],[-101.73324081829733,21.078692208545622],[-101.73236456058842,21.079293210162422],[-101.73188419505065,21.079688669554383],[-101.73077542654548,21.08036618977567],[-101.73021813884203,21.08078345709427],[-101.72971871999421,21.08093527877984],[-101.72902188784091,21.08113670260251],[-101.72875035039758,21.081203967201333],[-101.72827716694994,21.08132118190845],[-101.72767018403745,21.081472159032],[-101.72707873815067,21.081624555752537],[-101.72637335262031,21.08179838446225],[-101.7259059711177,21.081912440125585],[-101.72523502555298,21.082079401622817],[-101.72489373811528,21.08216259486701],[-101.72450894436771,21.082253622599655],[-101.72410265063077,21.082352738418546],[-101.7234231716453,21.082523615389665],[-101.72297685246936,21.082628049357485],[-101.72266608666824,21.08270877299905],[-101.72231496425057,21.08282301019859],[-101.7219901254235,21.08294783098541],[-101.72175396022527,21.08305290041407],[-101.72123836399918,21.083314838324778],[-101.72090357136531,21.083503895590603],[-101.72059444200177,21.083681486619625],[-101.72008889115749,21.08399242218112],[-101.71984887519729,21.08415419515283],[-101.71973553106962,21.084251557066],[-101.71951297022272,21.084442734923186],[-101.71948210380836,21.08429524364842],[-101.71939737953358,21.08438127897166],[-101.71919498658912,21.08453286848616],[-101.71915081904345,21.08456096119728],[-101.71909708232255,21.08462409260019],[-101.71904108555283,21.08471721996269],[-101.71894853790045,21.084814373301793],[-101.71885308614097,21.084896701260984],[-101.71875145707827,21.085004831770608],[-101.7187109272486,21.08505193132893],[-101.71868725695936,21.085149106999996],[-101.71861359907774,21.085213393658474],[-101.71855049144575,21.085255433155403],[-101.7184424640559,21.08529710301278],[-101.71838434843684,21.08527962284462],[-101.71818590653788,21.085324002202906],[-101.71758285065421,21.085248927732355],[-101.71641443487955,21.084643060857424],[-101.71547941246578,21.084142071900942],[-101.7143384589058,21.083454281065162],[-101.71334165267372,21.08273701911942],[-101.71245904285136,21.082182112339506],[-101.71196771893909,21.082035184577954],[-101.71159853479733,21.081999047470468],[-101.71089184294968,21.08198932525893],[-101.71008428471653,21.08169457175877],[-101.70888345965389,21.081015985230177],[-101.70780090030688,21.080354368563903],[-101.70645408470345,21.079479711454045],[-101.7056912018481,21.078894446461568],[-101.70536718539796,21.078347391436967],[-101.70493963887519,21.077561169603346],[-101.7044980867292,21.07667580052316],[-101.70417839662106,21.07599869081278],[-101.70401900008332,21.075628597903872],[-101.70363067685616,21.074705529328632],[-101.71019507557952,21.076758670914636],[-101.71287441054028,21.077720615800313],[-101.71488257494644,21.078367386660247],[-101.71630681905559,21.078724768185662],[-101.71755208517126,21.078786288599854],[-101.71920279811067,21.078868455985234],[-101.7206779823632,21.078844798953693],[-101.7220364748628,21.078768690021164],[-101.7244402268614,21.07889303066908],[-101.72657968974909,21.078804338689213],[-101.72863286774167,21.078744163873935],[-101.73081302256226,21.07870907570397]]]]}},{"type":"Feature","properties":{"AREA_M2":433484.37,"HAS":43.34844},"geometry":{"type":"MultiPolygon","coordinates":[[[[-101.76047931657214,21.204096118282205],[-101.76061403260287,21.203916640516955],[-101.76118873326295,21.2031468178707],[-101.7615675631029,21.2026393630392],[-101.76225992516225,21.201711911518363],[-101.76247054714572,21.20142977087318],[-101.76248593969267,21.20141016602996],[-101.76259147422775,21.20148601029646],[-101.7629477820502,21.201746714513522],[-101.76294834858098,21.201747123286857],[-101.76382929726599,21.2023261501365],[-101.7642994974438,21.20261403539675],[-101.764602135225,21.202798084466597],[-101.76487715517412,21.203005741736227],[-101.76562211042621,21.20322463489535],[-101.76628323118655,21.203404407955507],[-101.76741121211886,21.203712740000444],[-101.76873873084784,21.204155970098256],[-101.77110709066996,21.204951699849794],[-101.77158812408385,21.205129112009693],[-101.77099456041525,21.2064239898893],[-101.77097950177198,21.206702976488764],[-101.77091035721683,21.206936459128315],[-101.77083873203273,21.20714684823681],[-101.77079694521782,21.20726959101105],[-101.77080505787303,21.207384437108743],[-101.77084400503095,21.207472870517332],[-101.77092422574317,21.207623786158713],[-101.77116471117826,21.20792472609477],[-101.77139950805386,21.20821854578851],[-101.77143795674654,21.208266659488032],[-101.77152159467548,21.208397677001027],[-101.77148406075031,21.208337698582792],[-101.77161933670477,21.20847786315669],[-101.77154755992456,21.20918520753369],[-101.7714807259757,21.20979340216389],[-101.76993086556867,21.20911174349901],[-101.7697892080769,21.209053540106755],[-101.76950791876772,21.209675175031382],[-101.76934718098794,21.210030395077652],[-101.76921710945182,21.210324075248156],[-101.7691533333463,21.210479999724853],[-101.76910640605382,21.210589609945764],[-101.76887238591775,21.210416572752727],[-101.76859868341512,21.210215337391702],[-101.76857738605668,21.210197980092058],[-101.76828253742,21.209979384348053],[-101.76798753925102,21.209760790454737],[-101.76769254192817,21.209542195944973],[-101.76760487058284,21.20947829476606],[-101.76739754545143,21.209323600818802],[-101.76733329936951,21.20927564263859],[-101.76710254982085,21.20910500507621],[-101.7669586868669,21.208997260155005],[-101.76680770541371,21.20888640625188],[-101.7665127114751,21.208667809276836],[-101.76621771838262,21.208449211685444],[-101.76599009815236,21.208277472045275],[-101.76592272613622,21.208230613477717],[-101.76562788511252,21.208012012189382],[-101.76536345457217,21.20780226630716],[-101.76523224198512,21.207702762484644],[-101.76496528570233,21.207500317936276],[-101.76470039924196,21.207299441990365],[-101.764481286566,21.207133277694453],[-101.7646838664365,21.206942072367454],[-101.76556733615163,21.20492387503791],[-101.76493542712336,21.204424327673255],[-101.7647955439551,21.204301222434026],[-101.76471471109771,21.204228023359157],[-101.76465874993539,21.204177347048343],[-101.7645863144809,21.204117386298773],[-101.76443301092043,21.203982316003355],[-101.7644047160367,21.203953659351],[-101.76430949820357,21.203847247681384],[-101.76228341749689,21.202661967574553],[-101.7611040884717,21.204286623628484],[-101.7609731154343,21.204472686447225],[-101.76050040978792,21.20411220392051],[-101.76047931657214,21.204096118282205]]]]}},{"type":"Feature","properties":{"AREA_M2":1146321.42,"HAS":114.63214},"geometry":{"type":"MultiPolygon","coordinates":[[[[-101.74395352554862,21.189695472971483],[-101.74404167380476,21.190124355501737],[-101.74406742943415,21.190217180890198],[-101.7440748953296,21.19024314437761],[-101.74432228643781,21.19115276605165],[-101.74366427958435,21.191755245945707],[-101.74391934477764,21.193430635646052],[-101.74403755105867,21.19384769788839],[-101.74407012819114,21.194243909706216],[-101.74543155373577,21.194864948440795],[-101.73805846051347,21.203771767280067],[-101.73676390534399,21.194873306755206],[-101.73665607350023,21.194862688087557],[-101.73647720060954,21.19365024404585],[-101.73563658790202,21.187951881104954],[-101.73625540384185,21.18807354571303],[-101.73806092391658,21.1870898106136],[-101.73931987331763,21.18691963577851],[-101.74100205663868,21.186692238220385],[-101.74234731695257,21.18651037206946],[-101.74301395335543,21.186420245971195],[-101.74395352554862,21.189695472971483]]]]}}]}