{"type":"FeatureCollection","name":"LIMITE","features":[{"type":"Feature","properties":{"OBJECTID":1,"Id":0,"Shape_Leng":275344.229179,"Shape_Area":1282190611.07},"geometry":{"type":"MultiPolygon","coordinates":[[[[-101.52499736259233,21.027339030329284],[-101.52507296874107,21.027337907093536],[-101.52525152470909,21.027355540753558],[-101.5254632521345,21.027418326840102],[-101.52558797446328,21.027446903282804],[-101.52567514969765,21.02749125336245],[-101.52574612480241,21.027535843235924],[-101.52579575489544,21.02759596605407],[-101.52582935389287,21.02766647034028],[-101.52586303839165,21.027742044064507],[-101.52587529237161,21.027828080418082],[-101.5258816330843,21.02788377492234],[-101.52587254198653,21.027985343360992],[-101.52584707873638,21.02807701187407],[-101.52583215979197,21.028153307913563],[-101.5258109001487,21.028173911252452],[-101.52575183673487,21.028195075496857],[-101.52562222620486,21.028197001605236],[-101.52551944671339,21.028188385669793],[-101.52536197852208,21.028140008404453],[-101.52523125697743,21.02807601871498],[-101.5250945369426,21.02797661667018],[-101.52499613254992,21.027907075913426],[-101.52490364131909,21.027867876088173],[-101.52482212278109,21.027838657356178],[-101.52475688992045,21.027814268283244],[-101.52468617124819,21.027784889048124],[-101.52464794131136,21.027760097906693],[-101.5246366278942,21.02772983620977],[-101.524657204133,21.027668670160374],[-101.52469389607609,21.027602193996742],[-101.52476856247483,21.027545296069768],[-101.5248275403751,21.02751906182256],[-101.52485385869096,21.027478097858218],[-101.52487477660328,21.027437213213847],[-101.52490100944577,21.02739117888952],[-101.52493298538543,21.027365344838593],[-101.52499736259233,21.027339030329284]]],[[[-101.60946699176208,21.323962961218992],[-101.60748500711095,21.32384903158286],[-101.60717802246364,21.32417396633665],[-101.60598197296665,21.323781693460475],[-101.60192196848661,21.32245003066804],[-101.6008619983207,21.322144009901752],[-101.58813496365985,21.318268036798287],[-101.58725937374241,21.318017343690155],[-101.58692297360953,21.31792102601636],[-101.58706397903852,21.317570969084063],[-101.58676300402458,21.317298031194017],[-101.58660299828414,21.317293995754696],[-101.58658581867182,21.317229013921594],[-101.58453899058276,21.309486985117285],[-101.58377296961885,21.30613198826477],[-101.58376061163942,21.30607792759861],[-101.58351722657702,21.305018978886732],[-101.58253498700256,21.300744018767997],[-101.58149298169462,21.29611803650434],[-101.58116499639952,21.294795964436712],[-101.58089596677013,21.29368800046933],[-101.58069198639674,21.29276101805921],[-101.58058202053205,21.29214103532143],[-101.58012919209511,21.290294087058086],[-101.5801110203638,21.290219974978566],[-101.58037037904543,21.289914260891194],[-101.58058098345764,21.28966601878584],[-101.58120398321925,21.288941999759192],[-101.58196701356869,21.288472007025618],[-101.58214001035684,21.288393978542256],[-101.58229002975969,21.28809199115254],[-101.58249697618854,21.287793008676033],[-101.58264600959524,21.28742098828263],[-101.58274699101358,21.28731301361399],[-101.58290201727084,21.287284005377884],[-101.58300403614628,21.287199032004978],[-101.58316402894238,21.287217970088545],[-101.5832044437007,21.287202607892702],[-101.5832340171017,21.28719099012438],[-101.58331297903037,21.286854975480342],[-101.58333398300532,21.286448000574147],[-101.58339698379721,21.28625295962906],[-101.58342905130561,21.286195828627356],[-101.58344097146623,21.286107088339218],[-101.58345198606584,21.285912957412133],[-101.58347901104796,21.285555454017164],[-101.58348599520984,21.285404872707556],[-101.58341838183586,21.285166182266536],[-101.58335398344401,21.284865044397833],[-101.58330902013405,21.284442020829502],[-101.58327598592527,21.284428986901183],[-101.58303699812781,21.284525992186186],[-101.58276697681484,21.284697039779605],[-101.582487009161,21.284789978416416],[-101.58227098902917,21.284823983903774],[-101.58197601347106,21.28489900735181],[-101.58161501670222,21.28475497319283],[-101.58148335730083,21.28471096889205],[-101.58122302893531,21.284623959599212],[-101.5808989768431,21.284443974238645],[-101.58061196690997,21.28417901767066],[-101.58036299634952,21.28391799247374],[-101.58003199301515,21.283539972907096],[-101.57974499945637,21.28326201588359],[-101.57929496954699,21.28283599124389],[-101.5787210209579,21.28336599063169],[-101.57857428591348,21.283490719443677],[-101.57829396964864,21.28372899920331],[-101.57784300032002,21.284018984513303],[-101.57754799590109,21.284137962584857],[-101.57723403093999,21.28423096191221],[-101.57702319590067,21.28425566581406],[-101.57689197579532,21.28427104277518],[-101.57643096646497,21.28432702413179],[-101.57608898157052,21.28439400205817],[-101.57569796287886,21.28465102112088],[-101.57525702739377,21.28499302272861],[-101.57450995988215,21.28533997593707],[-101.57412435511168,21.28540617556577],[-101.57403200599552,21.285422030231473],[-101.57384800993901,21.285425024091218],[-101.57357697990965,21.285539025332174],[-101.57334997354204,21.285758958052305],[-101.57314696189303,21.285961011778014],[-101.57289398044765,21.28603501749075],[-101.57275800276416,21.286086022333205],[-101.57236999362276,21.286461960955208],[-101.57220796290774,21.28665002676737],[-101.57218456138641,21.286712565294398],[-101.5721499717329,21.286804998768048],[-101.57207800483351,21.286983024006922],[-101.57194299130687,21.2871169691808],[-101.57181003029592,21.287040015529602],[-101.571706017712,21.286987987910543],[-101.57159701031347,21.286940998667095],[-101.57144100158023,21.286899964159204],[-101.57136001269585,21.28686996908702],[-101.57130800807644,21.286844044492106],[-101.57030795962638,21.28506904297324],[-101.57023096026332,21.28499899771512],[-101.57009199848956,21.284860031725763],[-101.56990300021923,21.284652956753785],[-101.56972102291508,21.28447501888246],[-101.5693030369569,21.28426900078618],[-101.56904601844788,21.28410601964426],[-101.56876602533218,21.283942033530124],[-101.56843902519873,21.28381099102392],[-101.5682539675848,21.283729956419755],[-101.56807903039451,21.283701032031978],[-101.56800500300817,21.283747023900307],[-101.56782898962103,21.283670003963053],[-101.56764102356183,21.283672962030163],[-101.56738200099295,21.28364604200302],[-101.56702300117371,21.283597990086303],[-101.56684402326505,21.283587991319674],[-101.56643100439805,21.28335201039986],[-101.5658249832837,21.282901966779512],[-101.56575096137219,21.282691958889274],[-101.56569097189066,21.282484987341025],[-101.56564896134158,21.282252013698383],[-101.56552999689266,21.282129980452442],[-101.56527996166382,21.281870026297042],[-101.56503701302154,21.281666023393406],[-101.56492102322558,21.28149095612742],[-101.56466503628755,21.28110300406748],[-101.56442999123014,21.28083704341165],[-101.56423603445317,21.28055403059486],[-101.5639950334011,21.28017803394505],[-101.56378596839579,21.279806968499543],[-101.56549384043672,21.279374776619573],[-101.56558652132071,21.279346309731757],[-101.56568660291697,21.279315778904856],[-101.56826150005755,21.278519468530764],[-101.5685639719548,21.278425937770734],[-101.56737304534029,21.277926143297133],[-101.56510199644126,21.27697299278146],[-101.56223501966026,21.277277979832476],[-101.5614815385431,21.276908780206178],[-101.56136709583443,21.276852703776882],[-101.56119257198304,21.27676669854202],[-101.56108400014274,21.276713987849366],[-101.5604340067194,21.27641001169598],[-101.56027302710176,21.2762599965429],[-101.5600810089201,21.27615703210235],[-101.55967700502534,21.275971987841768],[-101.55944196495896,21.275842957272996],[-101.55935099876122,21.27585101962259],[-101.5592790273701,21.275800029156272],[-101.55891202671079,21.275706040618836],[-101.55839301300954,21.275410988671158],[-101.55800797946566,21.275178982505484],[-101.5574650174223,21.27508802612915],[-101.55706399009115,21.27510702590847],[-101.55678202065167,21.275098037999534],[-101.55662803340707,21.275173042974007],[-101.5562949896287,21.275039990201687],[-101.55609203665439,21.275121966174314],[-101.55589896235463,21.27495302552],[-101.55567496294412,21.275003005024217],[-101.55557496830727,21.2749389890783],[-101.55531296753486,21.274862986153636],[-101.55524102178389,21.274772006224122],[-101.55502198449152,21.274722974014278],[-101.55405403068556,21.27409097499747],[-101.55338397498232,21.273645011922483],[-101.5531719668625,21.273589011389078],[-101.55289496170906,21.273434969272014],[-101.55243999539466,21.273191012638367],[-101.55180900379524,21.272936992082375],[-101.55158699855076,21.27270195707057],[-101.55138598019434,21.27251399450476],[-101.55118100230673,21.272451022893634],[-101.55080497746668,21.27226598199857],[-101.550778355069,21.272100843763955],[-101.5507740256985,21.272073998352774],[-101.55232917099589,21.27149807511186],[-101.5540047108004,21.27087747570311],[-101.55730001545994,21.26965799583076],[-101.55731027852569,21.269544698787907],[-101.55733300832705,21.269266994147618],[-101.55736437844878,21.26925400036452],[-101.55750200874921,21.26919699676096],[-101.5575359713261,21.268993014092498],[-101.55736227874374,21.268784516161656],[-101.55733595848345,21.268752960642736],[-101.5573238311616,21.26867581230102],[-101.55727402754371,21.268358974606407],[-101.55728338436651,21.268194634992046],[-101.5572864973345,21.268140011106368],[-101.5572780053204,21.267609382307196],[-101.55733302650299,21.26746718731491],[-101.55735599934442,21.267408014745914],[-101.55763097431903,21.26734399125852],[-101.55781301830801,21.2672660318814],[-101.55777100565605,21.26708703794895],[-101.5575960210097,21.267021993021604],[-101.55765998729038,21.26679399612146],[-101.55752203070374,21.266716023936727],[-101.55737899751381,21.266758004421934],[-101.55735392773096,21.26674421729988],[-101.55729296272897,21.266711016426754],[-101.55728397629736,21.2664760042846],[-101.55733395959804,21.266164991538222],[-101.55734882251843,21.265778014708374],[-101.55732101068492,21.265650026481854],[-101.55735057268674,21.26562714310501],[-101.55748896903283,21.26552001711811],[-101.5576990176267,21.265352988209116],[-101.55765000795728,21.265247035967835],[-101.5577650296762,21.264986038525034],[-101.55777499927835,21.264845970440696],[-101.55775800190561,21.264607016184655],[-101.55772396963805,21.264113042557486],[-101.55749517559924,21.264061282968047],[-101.5572249817349,21.264008958943183],[-101.55683397735191,21.26381097755845],[-101.55669603264282,21.263706012934584],[-101.55685703638368,21.263408029009653],[-101.55738399261907,21.26335200691786],[-101.55763401782674,21.263297026802466],[-101.55784595825195,21.26325797166732],[-101.55805299512743,21.26321095702021],[-101.55818797536617,21.263148969108432],[-101.55829697774182,21.263026986398174],[-101.558502030835,21.262833043250076],[-101.55876101712835,21.26256597706766],[-101.55958899386309,21.261743959447486],[-101.55948189288794,21.261567849165566],[-101.55938535759029,21.261408972009384],[-101.55878290241324,21.260418428089746],[-101.55859403473094,21.25982101106383],[-101.55831202130246,21.259941018590357],[-101.55791802882132,21.25982703482007],[-101.55750302157561,21.25967798296396],[-101.55734000489606,21.259588023863216],[-101.55710299367935,21.259688028417628],[-101.55698200933907,21.259590027371612],[-101.55677803219959,21.25956098848545],[-101.55669500443945,21.259674001359002],[-101.55635496520074,21.259727005005978],[-101.55617697348494,21.259753987795833],[-101.55560903433185,21.259846013019654],[-101.55377609801805,21.26014480561184],[-101.55364001833779,21.260166824733375],[-101.553368050186,21.259931721675407],[-101.55253283503671,21.25920917092314],[-101.55243278916483,21.259119328810982],[-101.55226300452766,21.259222976895437],[-101.55206098240035,21.259358010409258],[-101.55190799522707,21.259411960605032],[-101.55174101254289,21.259299037099733],[-101.55157400773362,21.259277013141826],[-101.55140801578469,21.259239988696198],[-101.55128602248902,21.25930899741499],[-101.55110200210282,21.259271974842044],[-101.5510038159519,21.259251999545967],[-101.55035497044851,21.259119988915018],[-101.55013296190094,21.259335032998248],[-101.5494330058048,21.25921401481802],[-101.54839568170554,21.259025696991305],[-101.54164499564669,21.257800006763883],[-101.53731249535221,21.25693653023509],[-101.53389799434518,21.25627397614979],[-101.52855002462034,21.25539204518032],[-101.5286290190569,21.25495485025913],[-101.52894195815747,21.25322120774108],[-101.5294474562377,21.250537702951917],[-101.52962100871153,21.250547324666982],[-101.530117451049,21.24730147041001],[-101.53028700928546,21.246192883935493],[-101.52381794635826,21.246025743569447],[-101.52378725384021,21.246026831572475],[-101.5237430269502,21.24602797325427],[-101.52367396188102,21.245117032570985],[-101.5236180949624,21.244379915895475],[-101.52286847430521,21.234491583317677],[-101.52279004320808,21.23395185639195],[-101.52252514389718,21.232097403952345],[-101.52248327059088,21.231804303958775],[-101.5222000159308,21.23154711698324],[-101.5218377548485,21.231448813362928],[-101.52179557473781,21.231228551998054],[-101.5214757357628,21.231084569729802],[-101.5211361531871,21.23090486203741],[-101.52069975370716,21.23040650059607],[-101.52053316984122,21.229940123567534],[-101.52020587889463,21.2299180246571],[-101.51995091163514,21.229628814711475],[-101.51944481190213,21.22927123217859],[-101.51914241347386,21.22930273858807],[-101.51884786474982,21.229226074524195],[-101.51869939076022,21.229259798356484],[-101.5185149642712,21.22915892216911],[-101.51829371961323,21.22915319787278],[-101.51746823531177,21.228958078579605],[-101.51711620184379,21.228895720698922],[-101.51684369234367,21.228989966746155],[-101.51670428947855,21.22899204700937],[-101.5166378907916,21.229042597623266],[-101.51631220403722,21.229119675098538],[-101.51495347511023,21.228946039945317],[-101.51477187840551,21.22901184745067],[-101.51418922041667,21.228961946419723],[-101.5136525606599,21.22892715843956],[-101.5130566314266,21.22866098302825],[-101.51254337088768,21.227879750482263],[-101.51174632374887,21.227089200541492],[-101.51137890901886,21.226830988909356],[-101.50992976037351,21.227848795229637],[-101.50581735572709,21.23031721234348],[-101.50445012754517,21.23135181248769],[-101.50395903622176,21.23174005083078],[-101.50155497835873,21.233732189643483],[-101.49694908342612,21.240315296540103],[-101.49683171601005,21.240483035276885],[-101.49553449838002,21.24226037748541],[-101.49040137710023,21.24905106529012],[-101.48908977326234,21.25078609269478],[-101.48466597133219,21.24712132720737],[-101.48440195615285,21.246902602657073],[-101.48332937931178,21.24595423761344],[-101.48296201416993,21.24562929079332],[-101.47430107772719,21.237971352860406],[-101.47310580726602,21.236970430095898],[-101.4695962631785,21.234235494869516],[-101.4628523871927,21.236150567880557],[-101.44198500987895,21.242074351846473],[-101.44127269969182,21.242310281252852],[-101.44007217859006,21.242708071023984],[-101.44004996661074,21.24264276752725],[-101.43957190961419,21.241238319485497],[-101.43925009015607,21.2409666449555],[-101.43744640077401,21.241898912095174],[-101.43325178262589,21.24398075890885],[-101.43321483394956,21.24389283812846],[-101.43260863627702,21.242449506232173],[-101.43186669534106,21.240507559131824],[-101.43170286675685,21.23999011784079],[-101.4323352392322,21.23967350826855],[-101.43247928688886,21.239601387533902],[-101.43178518381006,21.23682758611179],[-101.4314424955741,21.235582486885317],[-101.42827835254002,21.237124577031825],[-101.42557680757923,21.238447901338233],[-101.42556474694169,21.23852223227282],[-101.4255012823208,21.238913397062873],[-101.4254497713798,21.239230883468462],[-101.42562069546213,21.2404499400422],[-101.42529460881433,21.24136686633951],[-101.42530353573012,21.24190554462669],[-101.42530764921419,21.242153790739213],[-101.42532552940926,21.24377009517151],[-101.42558306494206,21.244399580185963],[-101.42576618586168,21.244902938685694],[-101.42590040043842,21.245372919356434],[-101.4259194458808,21.245439165565216],[-101.42615001111777,21.24624585776626],[-101.42652657109409,21.247236896884903],[-101.42669205660712,21.24849982249882],[-101.42673642824377,21.24883842873424],[-101.42675166069156,21.250509853317173],[-101.42549915986211,21.26816937994852],[-101.412592944417,21.267256741073517],[-101.40301485900933,21.266578395158938],[-101.40391330414367,21.26417510122829],[-101.40205741247478,21.26370925281378],[-101.40086283014509,21.26340927858702],[-101.40137237839942,21.261587433304275],[-101.40164268731144,21.260621024377347],[-101.39969580589502,21.25940266157322],[-101.40082245886252,21.258421462159482],[-101.40187718312374,21.257502969356885],[-101.40205161007064,21.256104542543063],[-101.3971821899844,21.25211781295021],[-101.39714591095915,21.252088110859887],[-101.39787141675481,21.251344953174225],[-101.39894472505885,21.25024408216168],[-101.39974094555137,21.249427826822508],[-101.40237222873915,21.245811009042704],[-101.403776364478,21.243880877823926],[-101.40564963868728,21.241445850120463],[-101.40666764427232,21.240338676262432],[-101.40780459556491,21.239102117456856],[-101.40909058669621,21.237455704595153],[-101.40995182040501,21.23744917503539],[-101.41277264431749,21.23849738081193],[-101.41351354624834,21.2372948628867],[-101.41277918246722,21.236601400301115],[-101.41268093496357,21.23650905607901],[-101.41174728697996,21.235631520897577],[-101.41162412671295,21.235267776360793],[-101.4113058148267,21.234327656749763],[-101.41071260637682,21.23354703380019],[-101.41066905805765,21.23319359037645],[-101.4106744096343,21.23295900068823],[-101.41068097141861,21.232671264339892],[-101.41049379084178,21.229198302121084],[-101.41046120569618,21.2285372248413],[-101.41048061968645,21.2280852943455],[-101.41050355695897,21.227273563236103],[-101.41065165662953,21.227195434838602],[-101.41175488748613,21.227266019257417],[-101.41182687565102,21.22727062522193],[-101.41278972223819,21.227148794082904],[-101.41598355197266,21.227073919386463],[-101.41657274034422,21.227115852679454],[-101.41675718149847,21.227050829357452],[-101.41815336905951,21.227363036325066],[-101.41831377721385,21.22707089912506],[-101.4183508709322,21.227003342752642],[-101.41842278879615,21.226912951884515],[-101.41884600284135,21.226381012312554],[-101.41899557577594,21.22613557579891],[-101.4195063905495,21.225496588075302],[-101.41987028550005,21.225197611278585],[-101.42009872379235,21.22505034280584],[-101.41946859934062,21.224849672454994],[-101.41935468850768,21.224715890999402],[-101.41911205181208,21.224688858477883],[-101.418751545137,21.22456737033994],[-101.41848983285482,21.224510006952666],[-101.41770002225182,21.224333643491615],[-101.41794173698412,21.22316444568736],[-101.41816697465687,21.222986533831506],[-101.4182487415557,21.222858703191253],[-101.41840398289943,21.2226687938382],[-101.4184348943308,21.222567875698033],[-101.4184393452862,21.222270982824426],[-101.41825904503348,21.222090069407066],[-101.4183525659065,21.22152760279652],[-101.41846994816315,21.22085841383742],[-101.4187605408997,21.21919869327362],[-101.41890649247088,21.21836535846285],[-101.41889923698255,21.21808957984475],[-101.4188944422018,21.217906955126182],[-101.4187877509077,21.21764656773778],[-101.41886040195277,21.21724826905467],[-101.41853476636982,21.217201017458603],[-101.41778105995921,21.217091986251518],[-101.41716915046686,21.21786078644131],[-101.41665907607397,21.219348709452234],[-101.416610436973,21.21954897037853],[-101.41657566250692,21.219691760756373],[-101.41638329619325,21.220484271778712],[-101.41590649481594,21.22143692179598],[-101.41549674451117,21.222084651655628],[-101.41498587095299,21.221686626139217],[-101.41470948229932,21.221673699888697],[-101.4140140830356,21.22137400351845],[-101.41376532495283,21.221214255020623],[-101.4137014077031,21.221509448512666],[-101.41368719291799,21.221575664435072],[-101.41291001308352,21.2214178736756],[-101.41258120634805,21.221828090004806],[-101.4125285453573,21.221894182961652],[-101.41243859486514,21.22200619753084],[-101.41239646328523,21.222059214213154],[-101.41236274041128,21.222101327665417],[-101.41235045303392,21.222156893703183],[-101.41230653171216,21.222355897236493],[-101.4122719445471,21.222621625055613],[-101.4123462907844,21.222842639808796],[-101.411126441258,21.222183820020767],[-101.41132940104187,21.222051642536115],[-101.4115163191513,21.22180694226773],[-101.41179990645954,21.22120291110535],[-101.41206908491539,21.2204619307315],[-101.41209769168493,21.220383188426723],[-101.41196118666164,21.22025644473932],[-101.41158081539798,21.21990326488162],[-101.41155498572121,21.21961854211824],[-101.41138220195143,21.219213323798513],[-101.41112933686578,21.218878762076454],[-101.4110518262987,21.21867774042341],[-101.41095078289027,21.218553158983593],[-101.41082434459602,21.218170478833596],[-101.41063419693597,21.217738363971044],[-101.41062146474077,21.21770969037265],[-101.41046462592236,21.21735347066171],[-101.409992258247,21.21700227035752],[-101.40975791467586,21.216846305501452],[-101.40941686898081,21.216619321009496],[-101.40870111739846,21.216301294125802],[-101.40814354309344,21.215924762925315],[-101.40785964328238,21.215859212104284],[-101.40734414067335,21.215139118471434],[-101.4071759662103,21.214904271109877],[-101.40686943248511,21.214485967178586],[-101.40679852661924,21.2143048905032],[-101.40669526793972,21.21422439153816],[-101.40633142985264,21.214243211735955],[-101.40607727563342,21.214424121660883],[-101.40600503993096,21.21447554429766],[-101.40579701164533,21.214518931541278],[-101.40548152452442,21.214523992269612],[-101.40496702276822,21.2145358400104],[-101.40464562209341,21.21473812379445],[-101.40435314411054,21.214955820071168],[-101.40423693722767,21.215042312465027],[-101.40377243195518,21.21517495724693],[-101.40291950046853,21.21516670144166],[-101.4025824323497,21.21509985329384],[-101.40206479996655,21.2150049944419],[-101.40120798958432,21.2150218844596],[-101.40066845052577,21.215094970614036],[-101.40043280195097,21.21512688947584],[-101.3997862130861,21.215126696732586],[-101.39839747147543,21.215104191537755],[-101.39753598028283,21.215195154561364],[-101.39725681569921,21.214995004070772],[-101.39696700676186,21.21485341456614],[-101.39659623744993,21.214753056455756],[-101.3956826040939,21.214481746178503],[-101.39548793654899,21.214459048929765],[-101.39538159873256,21.214369470913063],[-101.39529951912495,21.214341474996306],[-101.39484890650553,21.214351482943727],[-101.39453404437248,21.214345026883976],[-101.39434256211241,21.214278501464218],[-101.39415184259676,21.214259359344602],[-101.39397633139541,21.21421815514592],[-101.39380347500169,21.21410035867041],[-101.39378495166551,21.214025148727536],[-101.3922060202744,21.213792878491226],[-101.39197812592936,21.21375935205907],[-101.39113674692166,21.213982627878814],[-101.39104981819544,21.214005694844438],[-101.37011963187086,21.218098159205702],[-101.36663657900904,21.218779062170768],[-101.36086736502592,21.21950101563249],[-101.3602859391255,21.2169719727445],[-101.35986574764935,21.215144026253437],[-101.35845399833657,21.212971402374766],[-101.35712601206156,21.210927460729494],[-101.35704732257052,21.208161451451236],[-101.35698518253108,21.205975979095076],[-101.36224107347756,21.204270477689096],[-101.36325241309623,21.202995295565053],[-101.36425173292744,21.201735738482135],[-101.36531939613164,21.195374194556475],[-101.36533026696782,21.195309397658633],[-101.36606561353749,21.19465770205355],[-101.36600409107372,21.19442511152876],[-101.36591222249324,21.19407762757818],[-101.36434630370456,21.18815431132097],[-101.36958269322812,21.18137829062158],[-101.36993760849698,21.181159419239556],[-101.37025963888892,21.18096082687204],[-101.37094418256383,21.181716786667316],[-101.37123420177899,21.182170790034508],[-101.37144600322752,21.1825535780213],[-101.37183938799032,21.183042332017685],[-101.3718699123964,21.18334325246195],[-101.37178798498462,21.183850684940015],[-101.37180372792155,21.18403129262295],[-101.3719491272227,21.18428248200523],[-101.37208108915004,21.184497569538223],[-101.37213694764334,21.184774031175152],[-101.37237967516373,21.185541948298273],[-101.37257199516631,21.18545512157859],[-101.37300885580241,21.185448986047728],[-101.3731862881403,21.185289770893174],[-101.37351201014428,21.185562439973083],[-101.37374214261418,21.185486893375305],[-101.37401508521157,21.185675893447616],[-101.37444051547288,21.18575432513873],[-101.37463253793152,21.18570341768414],[-101.37486671536082,21.185880953452937],[-101.37548851498907,21.186095921805975],[-101.37618328295729,21.186023407713414],[-101.37662763507757,21.186192838573273],[-101.37720621152022,21.186385567782864],[-101.37756252996931,21.186907688243203],[-101.37783189889656,21.187016835537953],[-101.37788680235039,21.18710399360479],[-101.37794164145997,21.187250839526712],[-101.37801271047684,21.187441126211095],[-101.37813673366502,21.187665256416786],[-101.37843365801007,21.187824299955793],[-101.37913870145651,21.186722366801828],[-101.37909527547532,21.186684081304275],[-101.37884017402777,21.186462957003243],[-101.37857911723975,21.18603988737636],[-101.37861566307464,21.185813406484094],[-101.37862478038295,21.185549756500674],[-101.37839147845595,21.185189039116292],[-101.37833553088417,21.184198209897254],[-101.37840533852474,21.183795877646652],[-101.37844695414488,21.183556028315177],[-101.37852815436774,21.18312841062593],[-101.37845360444393,21.183053715642703],[-101.37840765240972,21.18293059108492],[-101.37834561499812,21.182724998355425],[-101.37830718646106,21.18261549023204],[-101.37837766309893,21.182435655763182],[-101.37827958971945,21.182265055412206],[-101.37832862792158,21.182119831835927],[-101.37831934606564,21.181996190151274],[-101.37828865860878,21.18191401690278],[-101.3782218532014,21.18186683990987],[-101.37820504728943,21.181729401129722],[-101.37819623690352,21.181640150398675],[-101.37820218647879,21.181550600726478],[-101.37813516031113,21.181489613205123],[-101.37808855066808,21.18132514998807],[-101.378026515076,21.181119647290874],[-101.37784241397527,21.18061315801683],[-101.37655604085353,21.18090642248631],[-101.37635292703129,21.18058590377651],[-101.37627937075551,21.180573213983724],[-101.37623356186378,21.180463810790755],[-101.37614321267613,21.18041975230523],[-101.37605507315031,21.180308062915547],[-101.37587310278693,21.18030984227405],[-101.37576227743146,21.18034657556934],[-101.37567579736634,21.1804441191308],[-101.3755878857584,21.18045221490559],[-101.3755664511953,21.180486912099507],[-101.37548570293738,21.180481187421552],[-101.37545002394482,21.180543619957515],[-101.37534742984592,21.1805519220143],[-101.37524527755897,21.180587753813395],[-101.37515832645181,21.18065090790207],[-101.37507903648302,21.180741397280094],[-101.37496150993627,21.18072932764258],[-101.37470373334085,21.180664158730977],[-101.37449807635,21.180646375313966],[-101.37432922762473,21.18064188625632],[-101.37401603903355,21.180690974544124],[-101.37376590233147,21.180751272705756],[-101.37357203884388,21.18084563015325],[-101.373348223116,21.18090375386997],[-101.37315361969311,21.180956861895556],[-101.37303588132717,21.180926467228687],[-101.3729812713993,21.18087225415023],[-101.37289392103126,21.180905528998085],[-101.37269975680181,21.180986164590227],[-101.37245621844939,21.18072380496008],[-101.37234025221298,21.180501001814118],[-101.37263248016279,21.180441828593217],[-101.37268335361907,21.18011196566003],[-101.37272096496977,21.179867859738117],[-101.37272109875818,21.1789560419737],[-101.37271091992436,21.178621703297377],[-101.37266497568922,21.17849866681782],[-101.37266380598508,21.178425377459117],[-101.37262416734477,21.178393884882944],[-101.37262328864885,21.17833882781063],[-101.37259855618818,21.178316334430093],[-101.372592759515,21.178261435796777],[-101.37261618130619,21.17819691936582],[-101.37256634061282,21.178138034845233],[-101.37254998096954,21.17802830538859],[-101.37251532535907,21.17799680060759],[-101.37253853818751,21.17792311114178],[-101.37253281408034,21.177872816628106],[-101.37245480548164,21.1775760816413],[-101.37238885336818,21.177378224100032],[-101.37237322930203,21.177331829415884],[-101.37235009409446,21.17726257042053],[-101.37237866992,21.177227411263797],[-101.3726964441871,21.176854251342846],[-101.37321269069105,21.17613969228251],[-101.3732974434197,21.176022382082024],[-101.37340293346817,21.175863493256998],[-101.37343496398381,21.17581524746725],[-101.37428563396303,21.17448243504204],[-101.37504946479747,21.17334466549127],[-101.37597930957979,21.171901134388154],[-101.37801168972331,21.168791444525024],[-101.37802430053848,21.168768195401878],[-101.37819411929313,21.16845466641215],[-101.37839921656767,21.168334420567753],[-101.37861357408512,21.16826737528256],[-101.37868664438552,21.16824452064549],[-101.37890106368414,21.16810148311127],[-101.3791824984719,21.167934930760364],[-101.37926772131017,21.16772130923145],[-101.37929577963041,21.16765093709271],[-101.37933047497833,21.167563985165877],[-101.37934811524408,21.16751214134804],[-101.37921817218958,21.166855060322078],[-101.37934419163679,21.166604841686308],[-101.37963356592,21.166334356621924],[-101.37969155180893,21.16604898297485],[-101.37973169413233,21.16599626257554],[-101.37982363967991,21.165875504925687],[-101.37997940679743,21.165683638645344],[-101.37995376968875,21.16558460180014],[-101.37983511661052,21.165392083433577],[-101.37984028867625,21.1652342315499],[-101.37984600488808,21.16519596279903],[-101.37986414831649,21.165098090336507],[-101.37996857112347,21.165006341830377],[-101.38002107801007,21.164974006099648],[-101.38014478423172,21.164881895759716],[-101.38043369957411,21.164584700940278],[-101.38046080005111,21.164471014192312],[-101.38062313910082,21.164387386608674],[-101.3807559481583,21.16425912656318],[-101.38085184374864,21.164198595839476],[-101.38096089456428,21.16412976034408],[-101.38118050126435,21.164013730141264],[-101.38130731134552,21.16381324101963],[-101.38136327784883,21.163699515157553],[-101.3815163752174,21.163638679628434],[-101.38166506492718,21.163604986923225],[-101.38183592629738,21.1634490180945],[-101.3820207928683,21.163270278566568],[-101.3823258273334,21.16307630858899],[-101.38258840377105,21.162882843374657],[-101.38282573462806,21.1627586172283],[-101.38286034468545,21.162620003694155],[-101.38309289611058,21.162202348131043],[-101.38320609807147,21.161697014217562],[-101.38321320063704,21.161665304891212],[-101.38348292814243,21.161264368048823],[-101.38348043991931,21.161109034298686],[-101.38371547602881,21.16084671283592],[-101.38376766561996,21.160656031990616],[-101.38410324322838,21.160232819133483],[-101.38413256069299,21.160195706580033],[-101.38408005824812,21.159435913071412],[-101.38447536980827,21.158867394868352],[-101.3847620371224,21.1583799113691],[-101.38637618748834,21.15653163047393],[-101.38678480847935,21.15606372992873],[-101.38688178555799,21.155904375084052],[-101.38677665998301,21.155924876842295],[-101.38650517861416,21.15581625330452],[-101.38656584508037,21.15562337279476],[-101.38678204282925,21.154936014740613],[-101.3871992166955,21.15293705234458],[-101.3878100891235,21.152537443111274],[-101.38799922003302,21.1535411026815],[-101.38827912750035,21.153731881406642],[-101.39051710667081,21.151478047637536],[-101.39073109883304,21.151262537320502],[-101.39032532681067,21.150905071502358],[-101.39020481153162,21.150798902689885],[-101.39134791735717,21.149446184704814],[-101.39162152581481,21.149338948516114],[-101.39194586529388,21.14944513318415],[-101.39224928657724,21.14972133563996],[-101.39317806520286,21.148763353552404],[-101.39309492173938,21.148484034346534],[-101.39298711167866,21.148316269187514],[-101.39276752942429,21.14769891592539],[-101.39261324962789,21.147398396709804],[-101.39261111623138,21.147265627263927],[-101.39251313205328,21.14704555946422],[-101.39249493157615,21.146890810640357],[-101.39238968480288,21.146707771182896],[-101.39219474650034,21.146326665286796],[-101.39141092052803,21.14651487171015],[-101.39074523644949,21.146527546021744],[-101.39006590704014,21.146541278218905],[-101.39030370602916,21.146161461557273],[-101.39033141663546,21.145924900791844],[-101.39110122805624,21.145847580116722],[-101.39158172500122,21.14587771407886],[-101.39191908192228,21.145821304896838],[-101.3919550008153,21.145606658527296],[-101.39204338231139,21.145229040539768],[-101.39213535502914,21.145080045347218],[-101.39210846903539,21.144873779634985],[-101.39222539451004,21.14480568026502],[-101.39229454490282,21.1442141964058],[-101.3922915813809,21.144029709676214],[-101.39220129895125,21.143794817844043],[-101.39226733610506,21.14349858642627],[-101.39233135732813,21.143076986297707],[-101.39236490493373,21.142714767830448],[-101.39261149828158,21.142393954950812],[-101.39287459048701,21.14211705435015],[-101.39302275098736,21.141948672336735],[-101.39318363007276,21.141765834512057],[-101.39259964252838,21.141655920451544],[-101.39231647049655,21.141596728993772],[-101.39150403949225,21.141588530136662],[-101.39121739146951,21.141564956364405],[-101.39112588632929,21.14162935294107],[-101.39095484428616,21.14172258971339],[-101.39069426802929,21.141746043291057],[-101.39045013299344,21.141745518982614],[-101.39038744059758,21.14151348672768],[-101.39037439206753,21.141472156355853],[-101.39034771351768,21.14138450681619],[-101.39035050162687,21.141308626564115],[-101.39033119327536,21.141255189168838],[-101.39030210882402,21.141174690761847],[-101.39030100266794,21.141136469459692],[-101.39029230882396,21.140827724281884],[-101.39034933095095,21.140565391522166],[-101.39037065145348,21.14046731198807],[-101.39095037185382,21.14039592792091],[-101.39151053273432,21.140159066662882],[-101.39184158134464,21.14007142488632],[-101.39198853127549,21.14004957579488],[-101.39222852200386,21.140054127916844],[-101.39248419059626,21.139987319903913],[-101.3925313560248,21.13999585523305],[-101.39258551588993,21.140005657849674],[-101.3927834355745,21.140014686694705],[-101.39291726067512,21.13996142498663],[-101.39297616648592,21.139827078163837],[-101.39306944968945,21.139742155614925],[-101.39329912471906,21.13962831746066],[-101.39343671150382,21.139547377842796],[-101.39386098885618,21.139497953665717],[-101.39410913661571,21.13948659047364],[-101.39422377454179,21.139548163497004],[-101.39479623381884,21.140280585196933],[-101.39522006859785,21.139999988316465],[-101.39534873550326,21.139887578803464],[-101.39550742626523,21.139806338873445],[-101.39567157696719,21.139807986551535],[-101.39542295408295,21.139266590791593],[-101.3951759132783,21.13907021017358],[-101.39481467123737,21.138735787544732],[-101.394637949855,21.13855439160839],[-101.39424712707839,21.138621129900557],[-101.39401533466896,21.13842525582716],[-101.39393221086398,21.13833452893874],[-101.39362229869924,21.138354258020872],[-101.39333111051269,21.138526834504006],[-101.39313593446617,21.138583022687847],[-101.39282718336082,21.138671906347966],[-101.39205745418434,21.138529584806474],[-101.39159387200807,21.138137738546746],[-101.39151217120424,21.13786354496488],[-101.39126131493657,21.137652788851796],[-101.39124057921836,21.137635367458312],[-101.39111138448845,21.137605136548295],[-101.3909073489397,21.137557385169952],[-101.39068206702856,21.13751423806538],[-101.39047663354192,21.137442932195256],[-101.38853604271718,21.136769204165912],[-101.38850540859319,21.136758567004833],[-101.38822536883109,21.136433725237325],[-101.38813568003995,21.13555179982801],[-101.38873832381316,21.134569828065555],[-101.3888082382884,21.133356855657166],[-101.38886570760566,21.13308530034606],[-101.38917521963621,21.132674861524542],[-101.38934671169002,21.132021264836876],[-101.38979733333832,21.132014904241665],[-101.39296327085951,21.13197018272428],[-101.39295904042221,21.132112069239174],[-101.39305944785373,21.13237498262442],[-101.3931838140093,21.13234980888845],[-101.39323062615141,21.132340334187887],[-101.39330913725422,21.13251977905354],[-101.39346715041368,21.132826838050423],[-101.39349353206279,21.132878105528192],[-101.3936170439139,21.13286994903483],[-101.39362554319602,21.132824599422246],[-101.3936739866129,21.132566171675094],[-101.39365198601408,21.13247620447406],[-101.39365373712499,21.132160296921384],[-101.39361472456524,21.13187078415586],[-101.39377059900599,21.131733162754273],[-101.39389884966806,21.131337908254803],[-101.39394081050442,21.131208588448363],[-101.39401120131055,21.13096018652575],[-101.39408387798659,21.13070371769406],[-101.39422501441771,21.13050834679909],[-101.39435283715261,21.13033889313709],[-101.39442847352228,21.13034432386355],[-101.39452111383048,21.130123818413026],[-101.39441574629508,21.129976980667724],[-101.39449972378226,21.129647090885236],[-101.39453849777847,21.129491807107915],[-101.39456398109266,21.12936893986351],[-101.39457723418212,21.129305375237728],[-101.39461502988573,21.129123293600266],[-101.39463213620566,21.128903856428824],[-101.39480532769232,21.12893056802019],[-101.3949391443777,21.128946547554804],[-101.3950839676297,21.129054909640228],[-101.39512530488061,21.129054324872346],[-101.39516976560567,21.12905071612989],[-101.39527931359838,21.12914161260304],[-101.39544460902644,21.12913629515582],[-101.39565229821355,21.129340778849155],[-101.39588075915196,21.129565713859645],[-101.39598055004514,21.129646906493306],[-101.39629314175208,21.12968635742008],[-101.39642513871733,21.1298162033377],[-101.39660378861039,21.129935641260477],[-101.3966211455229,21.130042644894193],[-101.3966495182158,21.130193458713784],[-101.39675963345582,21.130250400088837],[-101.3967812827988,21.13030371961855],[-101.3967721448095,21.130381938949267],[-101.39696158404188,21.13052559641461],[-101.39707732444899,21.130611707554213],[-101.39721416722534,21.130717111365016],[-101.39723711789418,21.130683072505022],[-101.39761805700556,21.130117756967902],[-101.39763932929954,21.13008564708395],[-101.397916531981,21.129673935601442],[-101.39820315871557,21.129700852792165],[-101.39824064511566,21.129704371577205],[-101.39804058764877,21.131189907716387],[-101.3980335812116,21.131241937172486],[-101.39849081150072,21.131284119663224],[-101.39880580986932,21.131241107419097],[-101.39897560697004,21.13115839930077],[-101.39911447771301,21.131090754545987],[-101.39936323222322,21.13091118711293],[-101.3997217286274,21.13072582084826],[-101.3998887409902,21.1306656251528],[-101.39994462065887,21.13064538506209],[-101.40019372270096,21.13048738875417],[-101.40047901362749,21.13002401073116],[-101.40076344187183,21.12941857824496],[-101.40077538790722,21.129393231611797],[-101.40075343012643,21.129161555338328],[-101.40062878250107,21.12900048561344],[-101.40048468314527,21.12872050078888],[-101.40049448300289,21.12857510441542],[-101.40061190682502,21.128519364870897],[-101.40067726716003,21.128539161082944],[-101.40077363218744,21.12856834907065],[-101.40090565890716,21.128660456136174],[-101.40119298322803,21.128781687101],[-101.4016347884262,21.12888646317453],[-101.4019357522867,21.128913608666476],[-101.40206830495354,21.128846187725483],[-101.40219926327293,21.12868480928138],[-101.40234591159327,21.128369464833376],[-101.40236518760378,21.128330729770784],[-101.40249295927981,21.128073976128228],[-101.40275856485405,21.127788271620897],[-101.40299886053026,21.127631026996287],[-101.4032790202051,21.127686904236327],[-101.4034783141966,21.12777039734488],[-101.40370353483114,21.127718524363896],[-101.40385801201863,21.127564124021408],[-101.40407628655281,21.12714367113972],[-101.4044692488162,21.12717248679248],[-101.40482311074724,21.12672058905455],[-101.40464793666166,21.126570869665493],[-101.40426505312927,21.12651735522991],[-101.40437423321609,21.126147562137177],[-101.40499401763051,21.126286092481667],[-101.40534540418871,21.126335087354278],[-101.40686868658315,21.126681684046538],[-101.40719928716514,21.126735935758557],[-101.40760683412934,21.126769341440752],[-101.40755573800121,21.127378427149967],[-101.40796220504318,21.127354048912384],[-101.40843019986525,21.12771437144466],[-101.40903728527309,21.127390666436284],[-101.40933351363576,21.127390152731156],[-101.40949763656924,21.127351706245207],[-101.4097547925203,21.127005717041346],[-101.40995753776495,21.126906954736278],[-101.41026871221625,21.126893318990245],[-101.41041842782474,21.126822756361186],[-101.41056791952289,21.12673847638804],[-101.41061463517002,21.126619097942086],[-101.41056253069867,21.126405250520712],[-101.41029726028766,21.126249235198234],[-101.41034325459836,21.126227127156884],[-101.41102146617445,21.12590110759008],[-101.41102801485277,21.12592739057664],[-101.41167922005248,21.128538889692972],[-101.41299305937376,21.127734627144985],[-101.41316217293908,21.12754380744141],[-101.41336602298794,21.12751345941984],[-101.41348037069733,21.12736115719932],[-101.41372303101328,21.12732122692966],[-101.41418214489282,21.127127536153125],[-101.41420249097365,21.12793296791577],[-101.41495919056858,21.129291769026313],[-101.4148315090479,21.12951729506353],[-101.41458651528997,21.129717051603222],[-101.41425215061602,21.130249129410362],[-101.41413803971089,21.13189517027349],[-101.41412986571461,21.132013078007606],[-101.4142098837197,21.132445627179692],[-101.41431667080069,21.132337499779414],[-101.41472207532242,21.131926994120363],[-101.41483983010029,21.131870587363622],[-101.41491250450777,21.131835255625543],[-101.41522902196259,21.1316823354184],[-101.4158166338766,21.13142035236567],[-101.41584255276946,21.13140879852947],[-101.41613802295691,21.13162785760862],[-101.41616272264851,21.131646170923265],[-101.41652002423406,21.131476767167136],[-101.41668589282524,21.131501754374277],[-101.41719823154969,21.131750395101978],[-101.41728908379812,21.131794485629726],[-101.41818111816504,21.131288653231167],[-101.41848436827131,21.13168614458987],[-101.41898221193671,21.13238201602424],[-101.41923468023563,21.132647794582677],[-101.41941435683633,21.13232564539853],[-101.41956162562428,21.132104440522347],[-101.41981531020869,21.131900667413117],[-101.41994903325184,21.131692567182437],[-101.42018643215458,21.131328518840274],[-101.42123935616011,21.12935953173479],[-101.42129045901632,21.129263566763964],[-101.42136503378572,21.12912408160929],[-101.42137583129029,21.129091234978674],[-101.42265870339895,21.12518838488674],[-101.42191321427487,21.123191872015116],[-101.42190049394874,21.123157986524102],[-101.42184397646949,21.122213143919215],[-101.42172328676824,21.12019662003684],[-101.42367545829366,21.122672371001887],[-101.42405033619836,21.123147807852426],[-101.42523183440571,21.123318667828627],[-101.4256330398027,21.123812010054564],[-101.42635669766257,21.12470184410279],[-101.42638926103854,21.124741881044162],[-101.42664937421974,21.12446602239739],[-101.42699414837512,21.12410030950039],[-101.4277109479892,21.124698101099607],[-101.42792552716966,21.124435215104565],[-101.42794805133543,21.12440657482953],[-101.42820994601084,21.124641598523876],[-101.42903901340964,21.125385594368225],[-101.42910563491655,21.125312912215612],[-101.42971164551237,21.12465174878681],[-101.43051231675082,21.124261637905278],[-101.43178505758712,21.124226575189123],[-101.43162391728495,21.12479257356212],[-101.43162304434726,21.124819766557025],[-101.43161202313468,21.12516287698763],[-101.43163846011525,21.12568411256529],[-101.43150960990066,21.12603090782247],[-101.43150489992887,21.126291783065213],[-101.43162460036295,21.12648361583907],[-101.43175203293482,21.12659959751647],[-101.4315131328755,21.12679648976839],[-101.43142746099996,21.12704173645373],[-101.43154908293542,21.127351260394995],[-101.43171210154239,21.127449938916353],[-101.43176849949002,21.127608917685716],[-101.43171896185522,21.127870438495478],[-101.43179493838915,21.128130153007344],[-101.43204015350697,21.128320184313417],[-101.43230902039473,21.12832444039551],[-101.43253653156552,21.128515000628656],[-101.43256514820982,21.128578115239698],[-101.43263885266553,21.128740664391962],[-101.43272441904827,21.128730484962865],[-101.4328805005027,21.12871191518649],[-101.43319180862433,21.128556048527763],[-101.43354282400452,21.12863514177337],[-101.43360220153372,21.12868446219776],[-101.43375190500848,21.128808807358627],[-101.4338304169948,21.12922836390224],[-101.43386225612909,21.129530782441567],[-101.43440741655256,21.130515708251913],[-101.4348355154198,21.13092175355883],[-101.43545989301981,21.131266201439903],[-101.43651152450104,21.131424268949896],[-101.43658360868562,21.13143515301409],[-101.43672158690242,21.131460919886468],[-101.43716977461766,21.131551123635738],[-101.43717893134611,21.131591404784157],[-101.43727443029954,21.13200562786926],[-101.43732269738639,21.132215274149218],[-101.43739538458222,21.132273177967132],[-101.43738834316262,21.132390999480975],[-101.4373279262311,21.1325349567424],[-101.4373468207679,21.13259354295962],[-101.43732130003976,21.132678049229565],[-101.43734005635919,21.13272824278593],[-101.43734143224778,21.132812359991785],[-101.43753011842226,21.132834920111033],[-101.43764804283659,21.132917358146017],[-101.43764059165055,21.133009999800066],[-101.43763314041723,21.133102638745573],[-101.43745589680971,21.133231396019696],[-101.43726085901736,21.133368805787185],[-101.43707885584784,21.133552239358597],[-101.43704817532536,21.133581252850743],[-101.43694709843044,21.133669106901227],[-101.43579322762007,21.13465198736691],[-101.43651041592756,21.135735358497225],[-101.43626793351982,21.13571356914308],[-101.43612723450448,21.135883869215057],[-101.43611233176222,21.13606924010646],[-101.436114806666,21.13622059717222],[-101.4358466642544,21.136274920799348],[-101.43564334288436,21.13645451549754],[-101.43537973808186,21.136786461330598],[-101.43536799429219,21.137165246687776],[-101.43545487304412,21.13754261563768],[-101.43559307145064,21.137767759369755],[-101.43573099392829,21.137976117614876],[-101.43583375924038,21.138084077929104],[-101.43597485596203,21.1380819316155],[-101.43610161274977,21.13815584864223],[-101.43623181073606,21.13844005903588],[-101.43637704889335,21.13854729289504],[-101.4365293300628,21.138536704197787],[-101.43662987769821,21.138653065234546],[-101.43677401837128,21.138693060716555],[-101.43691719641498,21.138674208079387],[-101.43701581661254,21.138672788034647],[-101.43719166944616,21.13900671246218],[-101.4373324873038,21.139391695970378],[-101.43756034963295,21.139615639332913],[-101.43767869192858,21.139723257465715],[-101.43790545332217,21.139879870284922],[-101.43815649485468,21.139876253758263],[-101.43849554228593,21.139770441735013],[-101.43867458140934,21.13975097962713],[-101.43888341177765,21.139907847620037],[-101.43912148153841,21.140207290739312],[-101.43941251821569,21.140455507335496],[-101.43968562764621,21.140703979984192],[-101.44006356855257,21.14078266876715],[-101.44027833504603,21.1407542951048],[-101.44057605863567,21.140867810022524],[-101.44086723835156,21.14112441725471],[-101.44125497267154,21.14125342542919],[-101.44154188098864,21.1412492862688],[-101.44177306216494,21.141128141582037],[-101.44201721049579,21.140703935852642],[-101.4421904583873,21.140331304062727],[-101.44218287308854,21.139868661957387],[-101.44220508256852,21.139582259772386],[-101.4422499711503,21.139459468767527],[-101.44240812177735,21.13938586693896],[-101.44260564337078,21.139399809099928],[-101.44279544081289,21.139489600994462],[-101.44324345177128,21.139466343647545],[-101.44355407923624,21.139268399026825],[-101.44362524068485,21.139121755635227],[-101.44372350537914,21.1390113765463],[-101.44388624923343,21.138922630751406],[-101.44398836286793,21.13892115617917],[-101.44411491224295,21.138954959486878],[-101.44426018580987,21.13901861156735],[-101.44434321216015,21.139077534549024],[-101.4443836690982,21.139221571947246],[-101.44440051880392,21.13951806459313],[-101.44438866331231,21.139651661117387],[-101.44440951458591,21.139863145772228],[-101.44440783421277,21.14025884812945],[-101.44448677515379,21.140755576793463],[-101.44443366875808,21.140836898561787],[-101.4443050312967,21.1410357071637],[-101.44432205279185,21.141274961876466],[-101.44442533870921,21.141586726970637],[-101.44445353978274,21.14170918320618],[-101.44443108302083,21.14193673179724],[-101.44443857600224,21.141991870688436],[-101.44436324998073,21.14218948851861],[-101.44470550876353,21.142561734594988],[-101.44504314970546,21.142928953079366],[-101.445177819195,21.143160368494822],[-101.44520021908262,21.14332588091314],[-101.44505893058827,21.143493757740835],[-101.44502896336232,21.143660025061575],[-101.44499452606826,21.1439553631853],[-101.44490694657455,21.144066959420496],[-101.44487263428479,21.14411068330733],[-101.44465726129799,21.14415062768523],[-101.44456702758357,21.144237871981595],[-101.44446328011216,21.1442947109248],[-101.44427451413414,21.144364963105463],[-101.44422335557343,21.14443936644311],[-101.44429042848377,21.144536708451025],[-101.44434998589097,21.14457267980457],[-101.44437109650352,21.144664544862263],[-101.44447724176754,21.144748954791968],[-101.44461396280133,21.144704006957273],[-101.44470651499692,21.144757919579117],[-101.44474123776125,21.144823318748802],[-101.44423330880454,21.145002269064733],[-101.44432727771937,21.14531669582094],[-101.44433828813443,21.145489414914266],[-101.44440875588157,21.14554210900371],[-101.44432768935631,21.14559320354366],[-101.44420003069993,21.1457986185204],[-101.44412803449772,21.145899503544573],[-101.44422834628988,21.146024799751356],[-101.4442475282378,21.14619740169868],[-101.4442488511972,21.146277997716545],[-101.44421723246265,21.146343722399124],[-101.4442680503451,21.14644671677468],[-101.44427798630781,21.1465540886616],[-101.44418594598469,21.146686048039356],[-101.44410521145831,21.146752484048296],[-101.44408200076403,21.14683731710716],[-101.44479751345803,21.14695056534801],[-101.44494402409634,21.146936170067253],[-101.44506322186237,21.147015072530987],[-101.44517478701364,21.14708892312037],[-101.44535791761093,21.147119948662784],[-101.44788274363138,21.14792462085182],[-101.44820844266306,21.14813584585923],[-101.44950153642684,21.14866554934615],[-101.45126972630234,21.149253176833774],[-101.4526779628626,21.1497856101401],[-101.452712570014,21.150034335839972],[-101.45289204727281,21.15132422082235],[-101.4522585483814,21.151989794289594],[-101.45270098494136,21.151969081780678],[-101.45279212289194,21.151964815830674],[-101.46861601524517,21.15218103041039],[-101.46870244836731,21.152181123377318],[-101.47036387199387,21.15218304796332],[-101.47234654121009,21.15217836502829],[-101.47253876277269,21.152178991932555],[-101.47344565890926,21.14787055726106],[-101.47418064792379,21.14438322785841],[-101.47468379119395,21.141995876613482],[-101.4743709538526,21.141819453292808],[-101.47476422213188,21.141616002177074],[-101.47550134779101,21.138158263723138],[-101.47586504677898,21.136452161832526],[-101.47622091343796,21.134782778615236],[-101.47653888055024,21.13329053759124],[-101.47662332483696,21.13289390358108],[-101.47643056642912,21.132917758998094],[-101.47618931944098,21.13277524316244],[-101.47597992277217,21.13265154389325],[-101.47582283537771,21.13245334122826],[-101.47593882256066,21.132362770168708],[-101.47629444064204,21.132085077389224],[-101.47644503388013,21.13188300719731],[-101.47656587441412,21.13188711019233],[-101.476685592203,21.131891176254005],[-101.4767851079234,21.131894554523786],[-101.47703260982817,21.131661245198487],[-101.4773990639387,21.13131580362653],[-101.47757572451754,21.13114927205953],[-101.47764978835902,21.131079455909777],[-101.47749679951669,21.13085861998719],[-101.47740505527763,21.130726184805937],[-101.47713985287045,21.13068826929084],[-101.47722663697807,21.130318773432215],[-101.47720515458913,21.130315386697678],[-101.47728923155633,21.130099962588705],[-101.47730958108208,21.13004782175102],[-101.47730795341431,21.12958887683092],[-101.47730568415238,21.12894924582783],[-101.47772291780988,21.12882921316166],[-101.47762404568488,21.12872919425995],[-101.47761450250691,21.12866108747202],[-101.47759469926004,21.12850316640255],[-101.47767883989555,21.128387052731878],[-101.47769357334944,21.128324291724603],[-101.4779146218676,21.128202978014016],[-101.47798160214214,21.127947059576474],[-101.47803482473722,21.12774371194075],[-101.47808974900906,21.127639363714056],[-101.4780937660306,21.127508678337676],[-101.47802929698537,21.12739675939894],[-101.47794504881155,21.127250504653826],[-101.4781038099147,21.126572302636248],[-101.47955574315532,21.120369640852335],[-101.47999169459997,21.12050832727085],[-101.48012977775902,21.120084546156722],[-101.48028814890955,21.119964690022115],[-101.48007617284641,21.119538092184666],[-101.47975528437509,21.119519049366474],[-101.47979358463247,21.119355181687833],[-101.4798716914229,21.119428515536434],[-101.48033920337042,21.11922252390901],[-101.48035855088165,21.1187160764458],[-101.48008507555147,21.11858006604456],[-101.47994884025161,21.11869020920104],[-101.48006452184627,21.118198238904707],[-101.47974573029255,21.117928112265382],[-101.48003808385393,21.117534210311888],[-101.48003208935738,21.117273858481827],[-101.48027047487848,21.1173183030978],[-101.4804384449462,21.116535208224086],[-101.48067295691688,21.115598019575234],[-101.48049182007124,21.1156083452061],[-101.48042146432685,21.114881602619622],[-101.48037518681302,21.114401558446925],[-101.48055805371415,21.114242617536856],[-101.48063500156802,21.11431307798066],[-101.48137302859709,21.11408091683487],[-101.48127307639696,21.113362177501035],[-101.48141959826243,21.113141026881763],[-101.48194091622547,21.112742001678164],[-101.48245175123321,21.112350994942606],[-101.4815186919111,21.111079890028154],[-101.48171105289136,21.11116283092934],[-101.48249705249144,21.107806673967794],[-101.48280884606004,21.10823912110822],[-101.48300213667149,21.1079661094632],[-101.48313389032104,21.107780010810018],[-101.48301807923694,21.107700641924833],[-101.48317104213105,21.10762383440424],[-101.4830396042069,21.10738265364025],[-101.4827550539449,21.107571702634257],[-101.48268140170433,21.10741299728312],[-101.48260325241287,21.10735122315245],[-101.4827235422555,21.106837586587098],[-101.48305806066233,21.10540918209176],[-101.48311522573115,21.10523772486354],[-101.48321250444438,21.104718397418786],[-101.48324443493662,21.104289189193782],[-101.48333495637523,21.103072405428737],[-101.48367537777328,21.098496449727342],[-101.48372704204965,21.098392327159157],[-101.48376089953992,21.09821949947418],[-101.48376783144052,21.097940000628082],[-101.4839233525053,21.097855393330626],[-101.4840297227322,21.09747739223867],[-101.48407429943856,21.097114470729434],[-101.48405690987487,21.09669874340112],[-101.48392980090208,21.096402431580746],[-101.4837314210015,21.096228492153386],[-101.48349623542008,21.095940353807123],[-101.48344546784787,21.095826449983193],[-101.4833939145512,21.09556026544797],[-101.48354011174312,21.095535194870276],[-101.48359780590752,21.095436041314752],[-101.48363396037006,21.095301183970562],[-101.48357299825877,21.095203767893814],[-101.48369127849271,21.0949694902406],[-101.4837562232181,21.09488665908405],[-101.48383938329896,21.094849421312517],[-101.48386314595965,21.094792336262774],[-101.48386942977706,21.094767013855332],[-101.48393023430857,21.094644975249164],[-101.48399850488585,21.09455225705617],[-101.48397865912865,21.09440838016847],[-101.4839800242322,21.094280622048036],[-101.48406116639423,21.094122176685893],[-101.48414715912271,21.094045538948752],[-101.4843404695071,21.093914969041187],[-101.48443273450827,21.093795627696142],[-101.48445144175595,21.09366111622633],[-101.48446960044967,21.09349375458259],[-101.48449217734212,21.093382026701253],[-101.48449348805121,21.09325102068793],[-101.48455134565219,21.09295199745371],[-101.4845662346927,21.092797860955876],[-101.48460227826435,21.092656415603013],[-101.48461007826765,21.092495796181666],[-101.48464382667898,21.092090892131687],[-101.48466529880976,21.09183327916524],[-101.4846623581925,21.09144677165825],[-101.48491303519616,21.087845957088565],[-101.48498087287832,21.087789175055725],[-101.48501353868544,21.087683074387414],[-101.48507211122119,21.087632296191003],[-101.48514555165453,21.08758023915041],[-101.48520106152269,21.087486599872587],[-101.48526782077467,21.087365196109385],[-101.48529107897522,21.087256256352983],[-101.48529187762418,21.087118307135384],[-101.48534608891575,21.086991219171832],[-101.48540570439062,21.086817199395256],[-101.48543127770995,21.086737834299136],[-101.48534786160565,21.086749800738374],[-101.48529968772405,21.086677022503817],[-101.48526524225332,21.086380618721225],[-101.48525770577153,21.08625181634605],[-101.48526102011921,21.086098123923556],[-101.48525406386831,21.086041430293093],[-101.48524459193946,21.08596421761514],[-101.48527119186345,21.085307717966728],[-101.48526023414878,21.085016294434944],[-101.48525679754336,21.084661929961175],[-101.48526997197503,21.084566857880947],[-101.48529613210987,21.084322464431555],[-101.4853368464121,21.084228253758805],[-101.4853645150431,21.08407465226178],[-101.48540191047447,21.08392645306067],[-101.48554129144759,21.08379979727503],[-101.48556933583006,21.08366885178387],[-101.48557548451446,21.083490018393434],[-101.48555030362517,21.08343080814512],[-101.48545197928233,21.083387197822496],[-101.48532903311312,21.08339152952078],[-101.4853370731351,21.082968751284668],[-101.48546261616318,21.082977005303118],[-101.48565481782072,21.082989642047487],[-101.48569096844345,21.08298342562637],[-101.48569638100732,21.082946423124056],[-101.48568658607255,21.082901249039924],[-101.48567068113131,21.082856074209676],[-101.4856700669734,21.082819161839915],[-101.4856659232872,21.082751155816975],[-101.48565640875835,21.082722948935217],[-101.48564967325206,21.082680438772933],[-101.4856370674503,21.082652277193645],[-101.48563042807632,21.082615544319772],[-101.48565701604872,21.082578233287023],[-101.48566530085533,21.08253270393507],[-101.4856643113072,21.08247322853708],[-101.48563630681546,21.08242534167286],[-101.48559648130579,21.08239189149626],[-101.48555872720404,21.082301720105],[-101.48551530393064,21.082228615739382],[-101.48549565179677,21.08214376181438],[-101.4855115627786,21.08201299323828],[-101.48552783636003,21.08189927915301],[-101.48554392249969,21.081867863722],[-101.48556294919968,21.081830698731245],[-101.48559236563403,21.081782062452284],[-101.48561478730066,21.08176611512522],[-101.485641235946,21.08172032139003],[-101.48564033950254,21.081666439125076],[-101.48564231629587,21.081604032705183],[-101.48564151447218,21.081555837460385],[-101.48560719641758,21.081491072680617],[-101.48560611084656,21.081425820884157],[-101.48560215553213,21.08136918709383],[-101.48560116455215,21.081309620511963],[-101.48560022161733,21.08125294167263],[-101.485599607528,21.08121602929394],[-101.48560506815664,21.081181915437405],[-101.48565255071513,21.08112732599888],[-101.48569392481568,21.08107282697189],[-101.48571966704327,21.080984522289025],[-101.48572015821108,21.080923490216477],[-101.48573704768467,21.08084669118198],[-101.48576650850433,21.080800851490622],[-101.48579855867042,21.08072942657807],[-101.48580684435565,21.080683897210566],[-101.48578698338456,21.080582087686636],[-101.48576494617802,21.08052572069808],[-101.48573063025334,21.080460954084455],[-101.48573251051334,21.080392860667764],[-101.48572812880793,21.080310595561485],[-101.48574484283988,21.080228110691127],[-101.48575320742891,21.080182581974555],[-101.48575264136284,21.08014855643586],[-101.48574067060585,21.08006793660799],[-101.48574598951335,21.08002524887417],[-101.48576645731488,21.07998242942955],[-101.48578089751973,21.079939699219704],[-101.48578023687263,21.07989998846481],[-101.48580698222769,21.07987684830101],[-101.48583661822634,21.079836691742877],[-101.4858298501586,21.079797071396566],[-101.48583283876638,21.079741012131436],[-101.48588533561633,21.079679986290955],[-101.48588764266911,21.079637432987504],[-101.48589624291202,21.079606072172645],[-101.48593432136683,21.07953455890671],[-101.48590038404625,21.07949253677892],[-101.48586074855139,21.079470459722202],[-101.48584856232168,21.07943280407846],[-101.4858471040302,21.079379843798783],[-101.48585353047663,21.079353942306106],[-101.48585073564904,21.079316983330568],[-101.4858088768134,21.07926124179335],[-101.48578417063746,21.07923046026755],[-101.48580195483629,21.079207451433724],[-101.48579523486517,21.07917071882292],[-101.48574971395107,21.079157210930447],[-101.48574589742009,21.079108971368385],[-101.48575102867115,21.07905500347049],[-101.48576754114458,21.07895554933028],[-101.48577784824518,21.078850411035333],[-101.48579459489757,21.078765035433396],[-101.48579280225337,21.07865727539175],[-101.48578898531761,21.07860912612658],[-101.48580019158521,21.07855786645569],[-101.48581453805855,21.078509450117565],[-101.48581064318991,21.07846130018868],[-101.48575490380632,21.07839013063289],[-101.48571170140995,21.07832652712336],[-101.4856922511308,21.07824457309223],[-101.48568204599415,21.078179453102955],[-101.4856809140434,21.07811140381111],[-101.4856945534361,21.078020479241268],[-101.48569341998744,21.077952339678596],[-101.48568632940793,21.0777978931097],[-101.48568519747766,21.07772984381503],[-101.48570770076657,21.077633011562686],[-101.4857247311813,21.07756469613296],[-101.48572359923229,21.0774966459357],[-101.48572289215122,21.077454137693845],[-101.48571827309895,21.077357702865584],[-101.4857201553932,21.077289608498933],[-101.4857195413857,21.077252695203693],[-101.48575785471748,21.077195441121244],[-101.4857884221972,21.07712548355526],[-101.48581185585526,21.077079731317585],[-101.48581340784712,21.07699178202004],[-101.4858355665057,21.076869497824063],[-101.48583457564942,21.076809930318568],[-101.48579903522145,21.07667142998519],[-101.48578146750917,21.076521381563847],[-101.48579455410429,21.076402029361475],[-101.48582340507299,21.0756852823134],[-101.48583795122877,21.07519578463978],[-101.48586114898131,21.075135864505498],[-101.4858861125406,21.075091535438577],[-101.48588813598306,21.07503192646514],[-101.4858692188695,21.07498679569035],[-101.48582049598474,21.074961962315207],[-101.48576571582655,21.07494010522103],[-101.48575620388178,21.074911899148482],[-101.4858086414707,21.07479765516882],[-101.48574142834003,21.0747532320041],[-101.48568669484139,21.074734175058026],[-101.48563514893219,21.07472075709398],[-101.48557134055535,21.07470462941518],[-101.48555589487707,21.074682197767697],[-101.4856676229632,21.074674873345792],[-101.48574246115852,21.07463405640275],[-101.4858325417073,21.074598704508322],[-101.48591668840932,21.074569125217405],[-101.48594643378708,21.07454034302599],[-101.48595525869023,21.074436670203163],[-101.48597549056518,21.074379589871185],[-101.4859837295454,21.07433126393288],[-101.48597416955093,21.07430016832103],[-101.48594004251669,21.074246774748463],[-101.48592070412874,21.07417619315021],[-101.48594691398954,21.07411622978286],[-101.48598530586028,21.07405888516694],[-101.48602682134286,21.0740360712797],[-101.48605416531126,21.074021045072886],[-101.48610814345982,21.073994705029275],[-101.48617667106357,21.073936918784106],[-101.4862221033237,21.07384977113729],[-101.48626380668941,21.073815125262914],[-101.48626564083533,21.07374414314948],[-101.48628582409543,21.073684267157038],[-101.48628474015526,21.073619104701912],[-101.48627522579463,21.07359081020518],[-101.48620228522088,21.073569219337273],[-101.48608985290409,21.07353403575021],[-101.48606216794211,21.073518954493828],[-101.48603194726974,21.073502490993533],[-101.48599430610568,21.073421961011103],[-101.48598544675802,21.073251833978276],[-101.48599896521941,21.07306296395509],[-101.4859992424991,21.072898480844618],[-101.48600964499879,21.072799026828218],[-101.48602634567587,21.07271085464259],[-101.4860433413882,21.072645338776205],[-101.4860567432305,21.07254015240044],[-101.4860612129818,21.07244647372175],[-101.48607029317257,21.072131766125995],[-101.48608324755729,21.072044792832116],[-101.4860863008591,21.071866005573536],[-101.48609020763894,21.071738303090694],[-101.48609814862213,21.071667321774967],[-101.48611871041783,21.07163009729477],[-101.48612390277542,21.071308013792763],[-101.48612898204584,21.07106970779525],[-101.48614732488804,21.070899182170898],[-101.48615499882499,21.070816830651168],[-101.48616451639397,21.07075006816271],[-101.48618781692825,21.070519890556135],[-101.48620018149589,21.070352341872987],[-101.48621011352307,21.07022454839072],[-101.4862189926878,21.070028704423706],[-101.4862448471591,21.06985671525187],[-101.48625482571687,21.069731721047926],[-101.48625246769843,21.069589934458904],[-101.48624982603971,21.06943109130183],[-101.48625908194157,21.06925789974518],[-101.48626687151045,21.06909186275935],[-101.48627171371348,21.068839295835105],[-101.48627702874921,21.068615159525848],[-101.48630774168136,21.068458714308292],[-101.48632150939835,21.068289701277745],[-101.48633764098118,21.06816750536346],[-101.48633217638492,21.068020075862066],[-101.48633306478447,21.067892326380935],[-101.48633706519759,21.067770308202604],[-101.48635917828776,21.067645225589555],[-101.48635886829253,21.067535998160746],[-101.48636348107382,21.067450803932488],[-101.48638305132745,21.067354102219067],[-101.48638163605158,21.067268996308883],[-101.48637965494143,21.06714986392061],[-101.48639015273399,21.06705609599526],[-101.48638807708274,21.06693127748008],[-101.48640218701861,21.066868690533916],[-101.48640465354651,21.06674525104878],[-101.48640328630894,21.0666630319774],[-101.48641388055053,21.066574949244508],[-101.48641481700108,21.066450085691905],[-101.48641570889617,21.06632242643902],[-101.4864280268546,21.06615207934538],[-101.48642967022226,21.066069725870022],[-101.48643910371757,21.06582142385736],[-101.48644572524682,21.065670930613418],[-101.48645273777875,21.06554886828977],[-101.4864658571151,21.065426714690773],[-101.4864699021892,21.06530749490166],[-101.48650681567047,21.06489422356923],[-101.48653424210634,21.064544911611755],[-101.48657339296162,21.063898970318],[-101.48658872137858,21.06372848880871],[-101.48659782571812,21.06346033179994],[-101.48662012787136,21.063346531134044],[-101.48661466183074,21.063199104312503],[-101.48660947792311,21.063068643790658],[-101.4866045786186,21.062955240728417],[-101.48661194259311,21.06276366081456],[-101.48661005630726,21.062650214510697],[-101.48661984719834,21.062513940089765],[-101.48662101941711,21.062403245329193],[-101.48662118904016,21.062227390469154],[-101.486629002869,21.062153520734416],[-101.48663721196215,21.06183139465783],[-101.48666601063512,21.061745934573704],[-101.48669203138833,21.06167459807296],[-101.48667752572219,21.06152730365943],[-101.48667770912245,21.061357134294795],[-101.4867058682899,21.061142500575293],[-101.48674125508592,21.060909345855364],[-101.48677921495398,21.06064500981578],[-101.48679823303814,21.060519882229492],[-101.48681674009059,21.060268560575135],[-101.4868314561039,21.060061256876875],[-101.48685874389929,21.059885002916797],[-101.48686015612998,21.05978856900598],[-101.48688584645069,21.059697378449727],[-101.48695372557512,21.059329057761744],[-101.48700999835586,21.059078535399436],[-101.48702975683895,21.058993209540695],[-101.48713364365928,21.058868011454518],[-101.48721536091314,21.058692856158306],[-101.48722460556974,21.058280439752412],[-101.48728544661687,21.057818068920444],[-101.48730408105902,21.057488656080462],[-101.48734306319338,21.057166528768835],[-101.48735754420117,21.056825894748364],[-101.48737271889331,21.056526864477302],[-101.48738474506213,21.0562769903179],[-101.4874160167706,21.055977726007878],[-101.48742683072403,21.055659803644918],[-101.48748161389942,21.055295829084127],[-101.4874925386414,21.055165764571107],[-101.48753022060372,21.05495631851471],[-101.48754010699271,21.054654116981318],[-101.48753635780479,21.054247307501264],[-101.48765250583709,21.052751390706128],[-101.48838691057307,21.045059943077604],[-101.48839791915158,21.044686859013275],[-101.48847425942563,21.044436675440583],[-101.4884963903484,21.04433668740661],[-101.48787326853653,21.04433715010963],[-101.48757178879771,21.04431177637142],[-101.48746551733367,21.044273700667663],[-101.48718586933384,21.044287726143825],[-101.4870423188521,21.04423033892516],[-101.48686762777727,21.044208070777458],[-101.48681988652093,21.044193873307176],[-101.48664610253653,21.044226208645323],[-101.48629198130847,21.04421153180407],[-101.48580568274589,21.04418895038904],[-101.48531398206566,21.04415642413908],[-101.48499174657368,21.04415617265994],[-101.48475876958882,21.04411995155275],[-101.48427271574012,21.04411216738562],[-101.48425655470147,21.044028197799197],[-101.48423818328425,21.043932741912702],[-101.48419182522294,21.04369185836584],[-101.48424167474845,21.043079078333534],[-101.48464256397256,21.03815098591487],[-101.48468144119713,21.037673067425605],[-101.4846905877721,21.03743090793403],[-101.48468966981311,21.03737558372645],[-101.48468841792355,21.037300133664345],[-101.48467563319932,21.037179621982098],[-101.4846898913321,21.037068738200457],[-101.48470921273908,21.03694270331103],[-101.48471816127898,21.03683189537112],[-101.48471665934302,21.036741373707915],[-101.4847729803751,21.036584556919834],[-101.4848083117633,21.036453231501692],[-101.48480589183663,21.036307384728342],[-101.4848354989299,21.03615601138215],[-101.48484925771918,21.036014982581634],[-101.48488947953689,21.035853346640117],[-101.4848922057307,21.035697402125138],[-101.48490132351199,21.035601669668903],[-101.48490512792524,21.035506013112432],[-101.48504163036249,21.03541962387342],[-101.48511451368097,21.03537349648508],[-101.48529493420479,21.035259008549232],[-101.48545568303346,21.03523029812268],[-101.48546222240243,21.035203841545055],[-101.48540562291731,21.035171808370535],[-101.48528623822251,21.03516037550424],[-101.4852294220681,21.035115166327003],[-101.4851863083795,21.03504998805272],[-101.48515714859865,21.03498451448193],[-101.48514125888576,21.03487289781473],[-101.4851731381262,21.03468159090622],[-101.48525081595739,21.03429209455393],[-101.48528269309233,21.034100787667356],[-101.48530868528839,21.03397537932848],[-101.48534743010546,21.03377729214187],[-101.48534568389913,21.03367205817081],[-101.48529442337532,21.03354118656115],[-101.48524679906092,21.033455106476424],[-101.48521495698968,21.03339755104501],[-101.48508319799225,21.03327110626645],[-101.48500474468399,21.033193264684314],[-101.48500278015864,21.03307485386009],[-101.48503498588487,21.03290322236979],[-101.48506054093946,21.032751458610694],[-101.48507936746513,21.032619563722683],[-101.48509863119953,21.0325140224709],[-101.48511102706922,21.032415080918085],[-101.48513712760227,21.032296259667003],[-101.48514955295566,21.032203908141017],[-101.48514846137725,21.032138114319537],[-101.48511971057327,21.032092494558682],[-101.48509760891449,21.032026918593374],[-101.48509575370137,21.031915093914236],[-101.48513558973258,21.031782892687488],[-101.48517608192151,21.031690128906387],[-101.485153106969,21.03157202713734],[-101.48516762699418,21.031390813274925],[-101.48519939477022,21.0311929202428],[-101.48521712712771,21.03099514126559],[-101.48523549013386,21.03083039114099],[-101.4852668195909,21.03060614357712],[-101.48527793470919,21.030434822301768],[-101.48526267056673,21.030356054811335],[-101.48526757428745,21.030230953072717],[-101.48532068001484,21.030052517561835],[-101.48533045543383,21.029795633798585],[-101.48534263209628,21.029683605716333],[-101.48535693339146,21.029489216827223],[-101.48536856545884,21.029344247115663],[-101.48538760926,21.029225529049903],[-101.48542744647041,21.029093325980018],[-101.48543973087372,21.02898779648619],[-101.48541751995744,21.028915721946408],[-101.48539476347825,21.02881070217465],[-101.48541533692836,21.028784133376238],[-101.48544081444038,21.028632370726385],[-101.48543852211614,21.028494193292207],[-101.48547821747515,21.02834881227804],[-101.48549039596804,21.028236785065232],[-101.48546799608718,21.028158123725305],[-101.48545185783381,21.028026648932688],[-101.48543640830509,21.027941383969615],[-101.48546893905794,21.02778951817496],[-101.48551330025234,21.02771971972594],[-101.48551839113854,21.027601207503185],[-101.48553078572486,21.027502265950062],[-101.48550860644765,21.02743677868645],[-101.48550686070456,21.02733154464998],[-101.48550533205008,21.027239396261116],[-101.48553088634469,21.027087635191364],[-101.485514779241,21.02696283978155],[-101.4854764626291,21.0267659697744],[-101.48547526193293,21.02669358796684],[-101.48547427832516,21.026634292711577],[-101.48547253267908,21.02652905866245],[-101.48548471017536,21.026417028748597],[-101.48559582947415,21.026356094191264],[-101.48575675943431,21.026334061471303],[-101.48595275855652,21.026318015866366],[-101.48599182672311,21.026321177164657],[-101.48629666630421,21.02634584405398],[-101.48644367296036,21.026330603910854],[-101.48662574784926,21.02632135077867],[-101.48683687211569,21.026370891741834],[-101.48697758408923,21.026401692229896],[-101.48718140563098,21.02643166032799],[-101.48731451719655,21.02642971246891],[-101.48772164061195,21.02646320308527],[-101.48815683244104,21.02649637482759],[-101.48839547653162,21.026512650773373],[-101.48938902303483,21.02661320257943],[-101.48967728919709,21.02666169944108],[-101.48995838741656,21.026703620065597],[-101.4901895386162,21.02669364414042],[-101.49050966182261,21.026764695574677],[-101.49142216898372,21.026836810346413],[-101.4922433667636,21.02689717115208],[-101.49249574472147,21.026900059885612],[-101.49305053137078,21.026957733758664],[-101.49323980329652,21.026961546986936],[-101.49376265411482,21.0269966660376],[-101.4939169637026,21.027000991467183],[-101.49402939442514,21.027019113034054],[-101.49419053982987,21.02701015885452],[-101.49431656521453,21.02700171992199],[-101.49448493706369,21.027012427989632],[-101.49461856354051,21.02703673550964],[-101.49476647425823,21.02708069482969],[-101.49497007879883,21.027097477489438],[-101.49510991614055,21.027075653463065],[-101.49517291432409,21.02706813911847],[-101.4953140658448,21.027125285922132],[-101.49539156626115,21.027150508899414],[-101.4958758306685,21.027182848838404],[-101.49614268097997,21.027211878550954],[-101.49674292072628,21.027265531775576],[-101.49707996332295,21.02730012109068],[-101.49729784766333,21.0273363684582],[-101.4972811542617,21.027172136827044],[-101.49731735954752,21.026993023438617],[-101.49738809943727,21.02686119511079],[-101.49743844812178,21.026518229487447],[-101.49749332992997,21.02602380637264],[-101.49754802097526,21.025522795633613],[-101.4975524063368,21.02533263572316],[-101.49757746942778,21.02497277686378],[-101.49761889718067,21.024518001809696],[-101.49765375596934,21.024083091810613],[-101.4976837515557,21.02377996319425],[-101.49772149273471,21.02352267039663],[-101.49770691306178,21.023276076680176],[-101.49771746861697,21.02307190305224],[-101.49772222062727,21.022933625872835],[-101.49772079461586,21.022848066197525],[-101.4977965365685,21.022767963101565],[-101.49787894871447,21.022705758078573],[-101.4979424393116,21.022686830844716],[-101.4982589002613,21.022747989777855],[-101.49870149441455,21.022807293248103],[-101.49928348331552,21.02281850901051],[-101.49946965907984,21.022815771728155],[-101.49966187447352,21.022812945433174],[-101.49992140830165,21.022822308873934],[-101.50034312490513,21.02292510524869],[-101.50121799270073,21.02301709464414],[-101.50203264413933,21.023139967910783],[-101.5020736657526,21.023145560858065],[-101.50234912565203,21.023171604989894],[-101.50278430681156,21.023204738984383],[-101.50317760781726,21.02325157724552],[-101.50374265137782,21.02329263461761],[-101.50449377557874,21.023360469511136],[-101.50535054296677,21.023453193198208],[-101.50587692243307,21.02349147419165],[-101.50629496626998,21.023547869696817],[-101.50646311526371,21.02354539045101],[-101.51439299269714,21.023004270578127],[-101.51536403386784,21.022919701726252],[-101.51626791565907,21.022840976477468],[-101.51739166106142,21.02274309588839],[-101.52017544232227,21.022500589436895],[-101.52016384621011,21.02280277361379],[-101.52013855164067,21.023461679933607],[-101.52006456518937,21.02442814277829],[-101.52000033556861,21.025267150768194],[-101.51989724591925,21.027336911217322],[-101.5197285386598,21.02909322801143],[-101.51985605731765,21.029206705611962],[-101.51971612536704,21.03112255581937],[-101.5196306245928,21.03196570547961],[-101.51966704445721,21.032098859142852],[-101.51970395327011,21.03211409020001],[-101.5197358795616,21.03212726787654],[-101.51984437894825,21.032146962243228],[-101.51974234973478,21.032931499073275],[-101.51972107429256,21.033255440418717],[-101.51969873863273,21.033356064885794],[-101.51969632508438,21.03336191721106],[-101.51967428171409,21.0334153757255],[-101.51967238366645,21.033458102410897],[-101.51967423953802,21.03356847802118],[-101.51967672895557,21.033716398002774],[-101.51967800218634,21.033952261236767],[-101.51965670273802,21.034194688353793],[-101.51965029788386,21.034290110591215],[-101.51964663717578,21.034392985372804],[-101.51962497757395,21.03453386049783],[-101.51959733557852,21.03479515764034],[-101.5195835566124,21.034928334182187],[-101.51956063723107,21.03499890496605],[-101.5195394379275,21.035038866026543],[-101.51952443375829,21.035067147295333],[-101.51948323112785,21.03514767648669],[-101.51947007355965,21.03517339139205],[-101.51943404562364,21.035256703355383],[-101.51941432025305,21.03535232671803],[-101.51939582603698,21.035525651472195],[-101.51934327992332,21.03573974543682],[-101.5193327883042,21.035907988240407],[-101.51932461587116,21.036058592649205],[-101.51932008188086,21.036073662604142],[-101.51929427393131,21.036159426101314],[-101.5192978361063,21.036291080531687],[-101.51929922836018,21.03637384033519],[-101.51928246047089,21.036489547473195],[-101.51924748395197,21.03663549393749],[-101.51922517811145,21.036978319501998],[-101.51921703936888,21.037687169062494],[-101.51920039025345,21.037805311384403],[-101.51919851928135,21.038013947063693],[-101.51919757768114,21.03811895842616],[-101.51918615836641,21.038232060814433],[-101.51915558357742,21.038399337323533],[-101.51917969641636,21.038564538841047],[-101.51922946785326,21.038661657097943],[-101.51924959282074,21.038781549297198],[-101.51923540841325,21.038987992899546],[-101.51921524171519,21.039281542084858],[-101.51917179484899,21.039523079549518],[-101.51915169500391,21.039601100845974],[-101.51911005728437,21.03966698680257],[-101.51907971416887,21.039767729080673],[-101.51914832936059,21.039877113805126],[-101.51916784002617,21.040003811290944],[-101.51919456313387,21.040177333173073],[-101.51925935090193,21.040598008798877],[-101.51912097505964,21.040725401653674],[-101.51823613640575,21.041540006542434],[-101.51832077076912,21.04156880246051],[-101.51839251580863,21.041593212580953],[-101.51863861773566,21.041676940979762],[-101.51902340756801,21.041769381401565],[-101.51916702833935,21.04180388253039],[-101.51986082015777,21.041932431305913],[-101.52020384648938,21.04198415063986],[-101.52057599427768,21.042040257762633],[-101.52107715402153,21.042098178362412],[-101.52190971650678,21.04217135395475],[-101.52205335042497,21.042183978537675],[-101.5223049166561,21.042198568647823],[-101.52313676069181,21.042280897019896],[-101.5231578755415,21.04217539033228],[-101.52394827968311,21.038203265374868],[-101.52429772250873,21.036546110092246],[-101.52438627001372,21.03602959284931],[-101.52513447717197,21.032668297833236],[-101.52518774246111,21.032429002865673],[-101.52535110319238,21.031573052199892],[-101.52571114635509,21.029400507649274],[-101.52589126448748,21.02823190417486],[-101.52635743848079,21.02539006764767],[-101.53190311250152,21.02638287064907],[-101.53489230736471,21.026931581993278],[-101.53513101145359,21.026978321444354],[-101.536854236765,21.025509782445422],[-101.53703708484812,21.02526566480381],[-101.5375103917622,21.024918368867507],[-101.53758920902682,21.024871028760767],[-101.53790374473957,21.024682119572756],[-101.53798596326962,21.024669820617664],[-101.53823016977157,21.024633284232184],[-101.53841524707074,21.024520841640022],[-101.53854554683987,21.02424123431242],[-101.53864731657556,21.02402284612669],[-101.53897664957327,21.023162714695278],[-101.53909604812101,21.022623273759876],[-101.53946250793904,21.021960420557956],[-101.53949962027961,21.02189329179494],[-101.53956097650052,21.021782310912574],[-101.53961038334882,21.021703217439732],[-101.54000055736739,21.021906997950552],[-101.54048739055096,21.02237119523582],[-101.54080330808532,21.022672419001236],[-101.54102386634634,21.022188337051887],[-101.54110499031958,21.022053287811776],[-101.54111562378134,21.02203557832566],[-101.54115897265666,21.021963411767526],[-101.54118813501853,21.021914864002007],[-101.54111919131809,21.021870025550655],[-101.5385346035213,21.020256588522788],[-101.53816372812781,21.020023529241477],[-101.53651139294486,21.018985161259028],[-101.53426247998571,21.01756884156472],[-101.53217906510383,21.01627784768532],[-101.53188750024074,21.016108328150395],[-101.53128308270004,21.015795145647356],[-101.53059684519538,21.015472888958264],[-101.5297965658261,21.015172816438408],[-101.52973502378913,21.01453603201751],[-101.52972396157246,21.014421592680005],[-101.52964389773588,21.013514846011756],[-101.5296229808288,21.01327805972799],[-101.53072781727091,21.011619933254888],[-101.53077891018653,21.01141966895402],[-101.5304019926381,21.008771009837144],[-101.5299866231643,21.006102424029812],[-101.5291515280113,21.00098783223631],[-101.52912192675753,21.000845097513338],[-101.52874530563945,20.997889494128017],[-101.53064572251556,20.997876587468177],[-101.53200672355995,20.99784614039953],[-101.5337073567798,20.997875417012544],[-101.53837649460195,20.997956053619053],[-101.538630494581,20.997960072537225],[-101.53919168556604,20.997969716290136],[-101.5383823147943,21.00346291478474],[-101.54253330552046,21.0036804076886],[-101.54391728091909,21.003767862958362],[-101.5461277784758,21.003915063415512],[-101.54720475586873,21.004016201747014],[-101.54935252707683,21.004204472237973],[-101.54973349171782,21.00155977543763],[-101.55255629120178,21.002059512740423],[-101.55416029458195,21.002343453664864],[-101.55433673558719,21.002173173460942],[-101.55445256534924,21.002136091461693],[-101.55449556255398,21.00212209296569],[-101.55487981554813,21.001998509787747],[-101.55507367927599,21.00193615819223],[-101.55527002755642,21.001938624746714],[-101.55555308413817,21.00194881572917],[-101.55575962684973,21.00198191359496],[-101.55604687246829,21.002010093238198],[-101.55626040978635,21.002006884834344],[-101.55643904806678,21.001984342378403],[-101.55654105562246,21.001982809511677],[-101.55661817480444,21.002004684275466],[-101.55669016406974,21.002011360972173],[-101.55688455049808,21.002037613822228],[-101.55711735819534,21.002038479293514],[-101.55741962176123,21.002040107952844],[-101.55774717060372,21.002060458395302],[-101.55826481728843,21.002056285742885],[-101.55922488549832,21.002262377020614],[-101.56000600841656,21.002472871881604],[-101.56015824917989,21.00248321774634],[-101.56047699274593,21.002554337493176],[-101.56064332802399,21.002600671236603],[-101.56097603976714,21.002700466801908],[-101.56133392335644,21.00280710309571],[-101.56143211128449,21.002809240823044],[-101.56191528851595,21.002926719124755],[-101.56198680613657,21.00294549932825],[-101.56228845674373,21.003027705783964],[-101.56247748755958,21.00305194159632],[-101.56267205456645,21.003061647578523],[-101.56281913026463,21.003108267397707],[-101.5630435992844,21.003178996528394],[-101.56330476659177,21.003258202168034],[-101.5634847631253,21.003315160885236],[-101.56369125687486,21.003349960482474],[-101.56387256538167,21.003372506187606],[-101.5640598490909,21.003405876644376],[-101.5642299910702,21.003452059925486],[-101.56438108527294,21.003511258166718],[-101.56447397050128,21.003536940071527],[-101.56453189038973,21.00354870373966],[-101.56495121044566,21.00364546993482],[-101.56499084472664,21.003603259161643],[-101.56507162803784,21.00359842864211],[-101.56517658314657,21.00354629520166],[-101.56525225159665,21.00346923581386],[-101.56526237904893,21.003384616197557],[-101.56524620256309,21.003342769334814],[-101.5652354695764,21.00327604078348],[-101.56528115401483,21.003244660048168],[-101.56535156512749,21.003258645788126],[-101.565503181788,21.003288341422373],[-101.56555440439655,21.00324234422853],[-101.56557118802148,21.003213207756907],[-101.56561917882054,21.003205259994367],[-101.56561209212785,21.00312945032707],[-101.56564365378529,21.003060279078017],[-101.56569365807161,21.002947496521656],[-101.56572017095024,21.00292173005042],[-101.56574669020077,21.002896055574144],[-101.56586127746542,21.002841880435607],[-101.56599282666653,21.002657370477493],[-101.56603689911809,21.00264767684479],[-101.56611216437517,21.002547154490767],[-101.56611546116861,21.00251280138433],[-101.56616095082646,21.00247230693673],[-101.56617771286669,21.002439559199427],[-101.56626516620884,21.00249059298954],[-101.56633278639475,21.00250410760722],[-101.56637853056101,21.00247624606892],[-101.56639855083021,21.002409145789624],[-101.56648268171475,21.002265971724515],[-101.56652673856492,21.002255375325827],[-101.56657056585587,21.002226640679602],[-101.56663478110943,21.00226818700741],[-101.56669064682187,21.002270957511314],[-101.5667419767482,21.00223588242133],[-101.5667866687882,21.002146650312316],[-101.56682291694219,21.002017741846394],[-101.5668426574255,21.00193430351117],[-101.56687929274082,21.001823531798134],[-101.5668857438348,21.00175112589989],[-101.56690157191446,21.00166594172215],[-101.56694408643926,21.001560497711868],[-101.56697736328675,21.00148047118843],[-101.56701251236672,21.001398605221503],[-101.56713839392131,21.00122139867788],[-101.5671608446242,21.001174204625705],[-101.56713719735134,21.00114910998182],[-101.56716121110088,21.00109088435469],[-101.5671854079834,21.001045384853853],[-101.56721210812084,21.001030539392985],[-101.56723087552287,21.001001279869513],[-101.56721602641342,21.0009744218609],[-101.56719903926182,21.000938477863023],[-101.56725584642103,21.000885267706263],[-101.56728830413905,21.000868527777573],[-101.56729939357328,21.000844800523577],[-101.56733591802637,21.00083883024397],[-101.56737196408727,21.00080939935598],[-101.56740019680176,21.00077286869631],[-101.56744383651744,21.000737814694325],[-101.56752448823447,21.000742475370398],[-101.56779064281143,21.00075785887874],[-101.56878969283446,21.000883781124077],[-101.56936712693958,21.00099620262478],[-101.56953910466645,21.001038741423603],[-101.56959505866841,21.00104692066364],[-101.56982254570553,21.001066955137176],[-101.5700601894362,21.00107057672017],[-101.57022423630913,21.001037416665298],[-101.5704085325131,21.00100755032654],[-101.57063142293939,21.000986133110374],[-101.57086259065083,21.00099888659339],[-101.57099183777251,21.001018598199092],[-101.57119841323438,21.001053480552606],[-101.5714515478548,21.001112844884144],[-101.57256408918113,21.001347247603363],[-101.57288640911861,21.001400231088805],[-101.57299813192326,21.001405766322055],[-101.57310595818484,21.00140593950349],[-101.57332810520857,21.001456830137712],[-101.57365618162692,21.001507836212987],[-101.57436825172027,21.001616399391594],[-101.5759730707866,21.001823381723757],[-101.57641082680155,21.00187641885927],[-101.57703768978499,21.0019536740919],[-101.57767748555227,21.002003647284354],[-101.57773990589244,21.00149304159407],[-101.57776978319689,21.001326308967574],[-101.5777875560927,21.001239295409547],[-101.57781520512457,21.00105815496548],[-101.57782650552589,21.000931423339924],[-101.57785405524524,21.000629235178806],[-101.57790249636655,21.000200171868993],[-101.57794025725421,20.999933936987524],[-101.57797808391398,20.999671310823494],[-101.57803342569129,20.999307135003754],[-101.57809008285722,20.998908729997158],[-101.57814274217783,20.99895126042087],[-101.57821029956305,20.998961068592816],[-101.57831589445489,20.998406721325775],[-101.57833832016723,20.998271970556708],[-101.57850909508109,20.99731415661381],[-101.57852271522435,20.997187664296884],[-101.57853235828708,20.99709834967204],[-101.57859950874911,20.99652619504361],[-101.57875779362435,20.995546084941388],[-101.57883199467877,20.995091610536516],[-101.57892674031578,20.994511530215522],[-101.57910099364813,20.993452085649036],[-101.57914243131196,20.993150875134813],[-101.57915914220635,20.993029602460446],[-101.5793125395312,20.991876067780176],[-101.57940962443438,20.991259158615126],[-101.57947339487434,20.991271803049578],[-101.5796581999138,20.989819541862573],[-101.5797092908271,20.989484996901083],[-101.57980867249475,20.988834471999077],[-101.57988850381514,20.9882602045529],[-101.57994571706251,20.98784884177447],[-101.5801155775899,20.986758218312307],[-101.58014636776412,20.986535956267023],[-101.58016698125203,20.986391150407492],[-101.58018100692365,20.98631468231836],[-101.58018640272445,20.986285511522212],[-101.58024423980005,20.986291694484994],[-101.58032915775823,20.98563491234129],[-101.58035610948517,20.985457498569687],[-101.58037411248131,20.985339257099216],[-101.58042776968414,20.98510347358554],[-101.58045736560376,20.98492049861204],[-101.58046545363798,20.984838994863097],[-101.58047207880468,20.984772614870472],[-101.58047695248682,20.984709039590655],[-101.5804831154416,20.984629078249583],[-101.58049973747336,20.984540690690597],[-101.58051311512027,20.984469826662576],[-101.58054050528304,20.98427274058995],[-101.58057820042298,20.984114541579817],[-101.58061793468667,20.983962447633157],[-101.58062472428479,20.983906646004638],[-101.58062973578552,20.983865972911385],[-101.58061820624054,20.983752475905323],[-101.58059719463219,20.983651443336434],[-101.58059281556578,20.983512314400002],[-101.58059621811593,20.9834082247806],[-101.58066014585292,20.983061458760268],[-101.58067257728989,20.983024264852926],[-101.5806949071031,20.9829577723016],[-101.5807672862867,20.982575288403563],[-101.58079085260124,20.982493596969693],[-101.58080441542819,20.982383174922585],[-101.5808160003449,20.9822782118791],[-101.58088257247135,20.981893990364544],[-101.5808930895029,20.981722137337343],[-101.58090917385323,20.981667150054925],[-101.58095309310286,20.981517404237227],[-101.58101271828194,20.981267949056505],[-101.58102125932895,20.981232286711585],[-101.58107434599543,20.980958597102806],[-101.58109115630543,20.980820950012276],[-101.58109644502775,20.980786514325473],[-101.58112927529292,20.980573306073616],[-101.58114656978354,20.98047798681369],[-101.58115741763248,20.980418698126716],[-101.58119937329548,20.980286177411333],[-101.58121848221195,20.98016655127811],[-101.58125206316768,20.979994349506292],[-101.58125950356948,20.97995427882397],[-101.58127328953883,20.979880578052494],[-101.5813508921583,20.979360475447827],[-101.58138136810327,20.979194780849785],[-101.58142829394056,20.978939792968305],[-101.581402016401,20.97886380311998],[-101.58135207084678,20.978866902362274],[-101.58138885028227,20.97877074146246],[-101.5814120472738,20.9786620079978],[-101.58143346148663,20.97855447891528],[-101.58146342095398,20.97840438489193],[-101.58147142700626,20.978312098360558],[-101.58153445358414,20.977958595038906],[-101.58162589888516,20.97744636872695],[-101.58163585227898,20.97735183248664],[-101.581647777604,20.977239580723452],[-101.58165147226109,20.977204975077797],[-101.58168872405778,20.977072561747605],[-101.58171448824062,20.97700347636973],[-101.58180532354906,20.976915345924425],[-101.58152889774958,20.97650393702327],[-101.58137864648708,20.97627124353225],[-101.58119099771494,20.9759884741082],[-101.58100786609862,20.975747342734937],[-101.58089796100393,20.975620643077907],[-101.58054913338606,20.975027167187434],[-101.57935660550027,20.975746088107286],[-101.57832906699635,20.976347323838496],[-101.57783976897763,20.976658487303208],[-101.57673493852133,20.977320455802378],[-101.5764797285387,20.97747516120246],[-101.5762865937,20.977551564453737],[-101.57559362621842,20.97782012560512],[-101.57512926326845,20.9780307742359],[-101.57501047818045,20.978084641677036],[-101.574782808987,20.978182816762178],[-101.57443496893534,20.978362750731858],[-101.57421687890938,20.978463358035125],[-101.57326138209038,20.978710062794764],[-101.57254826406944,20.97891347492019],[-101.57174264502191,20.97914996538947],[-101.5710948932828,20.979342364262926],[-101.57018196143704,20.979608363679848],[-101.56943531425574,20.979826082831014],[-101.56865911843302,20.98005019919433],[-101.56794181068243,20.980259612612034],[-101.567704111675,20.980326748015823],[-101.56636058554575,20.980834915483147],[-101.56503421998664,20.981341099077078],[-101.56227875183932,20.98241131408387],[-101.56155312385133,20.982678149286308],[-101.56114754967919,20.982863348362873],[-101.56095913560627,20.982999241693403],[-101.56034216861876,20.982609343777316],[-101.55923658612303,20.983286116803843],[-101.55844305929912,20.98372800536453],[-101.55760011350019,20.984144990886932],[-101.55720018481489,20.984334720183668],[-101.55751105015804,20.982653226548422],[-101.55762423259887,20.982041247406094],[-101.55790327404468,20.98022459986497],[-101.55803623767112,20.979358324298566],[-101.56015523261335,20.97960798033627],[-101.56020217925331,20.979613067416064],[-101.56038960058434,20.979635111307896],[-101.56100688853049,20.9797281951946],[-101.56201072658837,20.97979496984696],[-101.56209943327124,20.979089230341184],[-101.56210542545296,20.97904184133649],[-101.5621402742908,20.978764291992025],[-101.56218543866372,20.97789872959519],[-101.56226880493375,20.977037649454992],[-101.56231370145558,20.97615159900983],[-101.56236619501054,20.97571579537679],[-101.56264777477105,20.972738130643105],[-101.56274953601483,20.97167717773823],[-101.56284267232277,20.97042697583911],[-101.56286956300862,20.97008877525164],[-101.5629013668364,20.9693974558025],[-101.56296799317037,20.96882829095296],[-101.56300009188178,20.96847475854031],[-101.5630451084536,20.967921262542493],[-101.56311726725268,20.96703994266418],[-101.56313810325788,20.966504778887085],[-101.56326488808065,20.965632704323276],[-101.56326280860421,20.96534888099131],[-101.56323682951218,20.96510355355683],[-101.56325521666757,20.9649036900484],[-101.56331194189576,20.96469737642206],[-101.56333561119027,20.96461865655071],[-101.56335807040051,20.964543947470116],[-101.56338950643192,20.964059151775558],[-101.56339255119671,20.963795209742916],[-101.56339325655357,20.963734771310733],[-101.56341403399543,20.96360518992397],[-101.56342458492217,20.96352685702869],[-101.56476727621515,20.963010073127187],[-101.56723837740662,20.962070364591344],[-101.56725120297128,20.96204733456188],[-101.56726233233881,20.962013575770325],[-101.56726688356216,20.961972755274278],[-101.56726397615826,20.961943279104357],[-101.5672580300027,20.96191485453804],[-101.56851524756308,20.961419880901804],[-101.56846687802098,20.960486480997623],[-101.56845598566122,20.960306442056517],[-101.56818272405303,20.960317332397327],[-101.56772707044776,20.960327631039515],[-101.56741010687249,20.960346126412595],[-101.5670677426203,20.960371866728643],[-101.56683536947845,20.960377945010105],[-101.56676526183006,20.960379855202135],[-101.56620795078378,20.958497436887907],[-101.56617397841481,20.95842943623471],[-101.56616898790632,20.95835070439353],[-101.56619657200511,20.95825785018567],[-101.56592584488105,20.95735788759158],[-101.56586416838307,20.95715306727258],[-101.56315622871057,20.958140576548363],[-101.56372900308375,20.952326825269946],[-101.5603829637693,20.95203471986978],[-101.56077577063084,20.948669294042016],[-101.56105365677526,20.946673197111917],[-101.5611292528419,20.945852943277288],[-101.56186937766172,20.940339894409814],[-101.56206475461178,20.938697909074794],[-101.5621910668066,20.937487201197847],[-101.56237979675481,20.93567692754687],[-101.56242779117063,20.93526163352383],[-101.56257748103869,20.933966555449896],[-101.5626664777907,20.933116419987275],[-101.56273050660126,20.93250515015135],[-101.56290609922254,20.93072570785377],[-101.56309801220527,20.92888043309279],[-101.56332590340251,20.926867691436055],[-101.56340434781592,20.926174607592174],[-101.56358250217463,20.9245459667139],[-101.56370488816688,20.92394743831041],[-101.56398440714786,20.92152988695693],[-101.56400293976651,20.921369600218476],[-101.56506075699727,20.921470316530073],[-101.56514609127673,20.92147844025003],[-101.56551115572536,20.918123535109117],[-101.56559561717769,20.917314299800204],[-101.56609865610238,20.912494520276102],[-101.56640599315155,20.9103666341559],[-101.56714741379216,20.906799350427004],[-101.56748887675222,20.90524353812359],[-101.5723073725513,20.906109299282072],[-101.57700149428234,20.90707564178719],[-101.57970913873953,20.907439709708108],[-101.5861667700509,20.90826061114497],[-101.58738948621111,20.90845936672999],[-101.5943192448732,20.90932217617113],[-101.60273936242515,20.91044759362715],[-101.60212394859539,20.9081563746722],[-101.60315243828722,20.908515292100923],[-101.60356219075568,20.908658279687554],[-101.61072441033555,20.909349238412442],[-101.61899348287992,20.910088933638107],[-101.62472343539731,20.91060123787523],[-101.62671357488156,20.91088315285199],[-101.62830823515013,20.911053768158805],[-101.6317048009699,20.91137939455737],[-101.63363274446563,20.911565038630766],[-101.63457376968286,20.911704971759235],[-101.63656672330264,20.911901762660467],[-101.63791860838353,20.912039387431953],[-101.63819143908975,20.912059547560702],[-101.64019760754304,20.91226421655364],[-101.64033906681493,20.912278253916107],[-101.64374171043485,20.91261574866826],[-101.64376934018811,20.91241596909914],[-101.6451647262536,20.90232549055777],[-101.64535023491966,20.900813906934783],[-101.64648873466946,20.89153668285043],[-101.64703586922782,20.887894240660433],[-101.6463371377444,20.887852348510844],[-101.6468760371729,20.884496685412696],[-101.6472554208707,20.88213407333789],[-101.64747197840957,20.880823574395553],[-101.6476827770862,20.87951196919073],[-101.64805805046107,20.87717509555057],[-101.64822394390082,20.875907709587132],[-101.64850055893187,20.874015033788396],[-101.64891331912602,20.87108649072817],[-101.64898881042909,20.87055098916688],[-101.64942274853043,20.86747200562166],[-101.65081484639605,20.857594282981413],[-101.65087782406529,20.857601761450105],[-101.6575585412625,20.8583799647605],[-101.66676767237026,20.859452437536717],[-101.6670534813756,20.859455989002726],[-101.66717367617093,20.859457482590567],[-101.6702416209046,20.859884825771932],[-101.67024161174858,20.859884851194458],[-101.67610797028486,20.860701833234923],[-101.6810815830667,20.861352839522105],[-101.68281865567204,20.8615932368251],[-101.68522335539167,20.86189724887456],[-101.68770314486552,20.862224991442442],[-101.68996022858833,20.86252327155196],[-101.69417350892526,20.862997912836335],[-101.69752495630595,20.863395055659353],[-101.6981012791569,20.86343714346016],[-101.69865977678735,20.863496660633015],[-101.70097922456279,20.8637790440077],[-101.70612349614595,20.86447435522373],[-101.7090836369368,20.864813909240926],[-101.71025677389137,20.86509950914233],[-101.71101029862267,20.865067617216162],[-101.71161769763901,20.865137513361823],[-101.71238793400596,20.865251214269165],[-101.71293048334883,20.86524260847371],[-101.71319926391223,20.865297916954333],[-101.71383342316018,20.865287854861936],[-101.71396134411877,20.865345491197186],[-101.71415177248423,20.86535564842686],[-101.71432257232733,20.86544572742524],[-101.71452242909065,20.86558823928269],[-101.7176648256284,20.865922582434166],[-101.71846922960407,20.86597605043826],[-101.71856198091487,20.865986126630883],[-101.7195850263317,20.86609738025955],[-101.7410641502425,20.868725783775442],[-101.74102300579291,20.868793591045605],[-101.7376228805075,20.874436782248146],[-101.73684168633912,20.875545771962393],[-101.73471233447702,20.87938964678284],[-101.73467184067384,20.879459516331753],[-101.73464478629202,20.8795010990356],[-101.73442013724508,20.879823243382145],[-101.73439943000061,20.879852922144625],[-101.73417567231564,20.88024385567766],[-101.73406626269995,20.880570910958944],[-101.73397505332845,20.8807698631336],[-101.73379254803422,20.880931641867466],[-101.73366238485993,20.8810266062398],[-101.73339914577684,20.881511098122044],[-101.7331931825429,20.881852200216365],[-101.73295911532298,20.882239405537028],[-101.73266712925037,20.882824342092388],[-101.7324172006268,20.883324646747955],[-101.73224785480461,20.88371024602683],[-101.731790724002,20.884428279137676],[-101.73123942840864,20.885589649875314],[-101.73075426526039,20.886453180349893],[-101.729503341828,20.889055930931413],[-101.72852181655325,20.890403998662975],[-101.72578159900995,20.894644019676115],[-101.72549469956641,20.895276910865086],[-101.72546274887186,20.89537467844126],[-101.72535822030224,20.895694830087997],[-101.72509676105888,20.896182963064135],[-101.72462184519749,20.89706955206087],[-101.71905810360728,20.906939360561072],[-101.71836844732486,20.90817938845806],[-101.71823795702305,20.908413915715695],[-101.71816914809666,20.908582703102276],[-101.71803520945416,20.90891109814504],[-101.71794724751464,20.90929665760585],[-101.7178822284358,20.910546029620733],[-101.71776012860803,20.912276416598925],[-101.71772013030277,20.912703364715618],[-101.71768847077655,20.912880781941062],[-101.71763193186906,20.91309786395955],[-101.71766312201513,20.913395053303084],[-101.7176592191148,20.913921257837615],[-101.71761646953922,20.9143228843422],[-101.7175155032904,20.914637704281294],[-101.71735461865713,20.915144563629028],[-101.71728789281048,20.915324075678203],[-101.71736471470865,20.915335396327233],[-101.71745446505709,20.91532142377772],[-101.71755811312202,20.915335480690967],[-101.71762546248964,20.915375115243357],[-101.71765672201231,20.915443489409075],[-101.71765016707343,20.915637839998485],[-101.71762710915434,20.915835522910196],[-101.71760177439225,20.91609588094188],[-101.71758853324417,20.916284017403584],[-101.71763440518968,20.916609045763778],[-101.71763215631353,20.916853334499873],[-101.71760756744408,20.91752401475219],[-101.71759424383748,20.91771215522249],[-101.71760543677921,20.917959384324867],[-101.71764643925381,20.918203077305197],[-101.71766803268262,20.91836357650898],[-101.7176609086568,20.918939297139815],[-101.71765651377237,20.919293109332184],[-101.71762544070839,20.919292338412763],[-101.71762302407933,20.92102939370995],[-101.71762492491042,20.921209436332592],[-101.71775292442577,20.921795640569453],[-101.71781394903152,20.922038107992403],[-101.71786143961447,20.922276999129316],[-101.71788259864314,20.922549255014346],[-101.71788259467256,20.92285226727717],[-101.71786530439309,20.92308839838844],[-101.71785878351523,20.923249531197538],[-101.71787029683081,20.923439532121908],[-101.71787315437635,20.923597897391907],[-101.71788124177975,20.92389698893756],[-101.71786961731377,20.924223022861764],[-101.71785979032717,20.924802665582455],[-101.71777729422426,20.9255388837942],[-101.71766771043552,20.926197404239375],[-101.7175409127953,20.926948724310652],[-101.71748185504651,20.927279543002868],[-101.71747228438262,20.92733312017284],[-101.71746444975963,20.927389181309486],[-101.71743685075721,20.927586458921983],[-101.71743164615283,20.927624147498452],[-101.71714088885042,20.929255403392887],[-101.71669827715955,20.93206204280028],[-101.71639776839169,20.933724590670412],[-101.7162257702865,20.935184349982617],[-101.71608827270225,20.936017862310756],[-101.71602702153622,20.936180494159487],[-101.71597446534327,20.936473511392798],[-101.71582178173558,20.93772165924619],[-101.71575210010991,20.938115229792487],[-101.71569764972492,20.938404396886586],[-101.7156670491205,20.938597054688564],[-101.71568531503834,20.939091044552537],[-101.71567065400242,20.939185947666214],[-101.71564497931048,20.939351544718196],[-101.71563642813587,20.939407561268474],[-101.71548877993366,20.939643603289117],[-101.7153062650174,20.941166713938195],[-101.71523071276656,20.942455963435368],[-101.71507222434506,20.94257447404281],[-101.71481139330085,20.943991723960234],[-101.71477915898505,20.944167524265893],[-101.71476501083532,20.944244445130295],[-101.71361775201473,20.950596442316122],[-101.71281054285437,20.95444877228493],[-101.71279593359209,20.954518533923302],[-101.71216480372506,20.954528579861186],[-101.71163236123391,20.95451773852419],[-101.71119503001981,20.95452081242945],[-101.71081133763255,20.954523032934734],[-101.70869417827674,20.954502450997687],[-101.70761377523606,20.954538933066726],[-101.70718063253055,20.95454581401328],[-101.70647484673556,20.95453382601539],[-101.70545143043756,20.954526790071398],[-101.70380896177791,20.954514129480845],[-101.70303301453971,20.954452425214185],[-101.70176931609977,20.954366495114435],[-101.70120155938112,20.954331082464854],[-101.69974029269184,20.954170282876323],[-101.69763101776462,20.95401981434983],[-101.69669645630186,20.953863371918228],[-101.69585073834537,20.953768886956755],[-101.69373919456001,20.95349149545945],[-101.69230385313746,20.953273171291524],[-101.69066642341424,20.95307706922818],[-101.68922696130083,20.953004648141935],[-101.68879443617584,20.952979701742283],[-101.68519990533277,20.952459222393053],[-101.68093844784634,20.952025242908814],[-101.67884857008467,20.951823416670006],[-101.67835562444418,20.95181852470019],[-101.67807138545935,20.951784900508724],[-101.67768552102471,20.951727597627546],[-101.67740102397345,20.95167492931444],[-101.67718436987055,20.951640329527976],[-101.67676588309902,20.951646902095607],[-101.67562224994074,20.95150626408389],[-101.67156980342482,20.951049720958224],[-101.6714193815721,20.951055997722822],[-101.67134719779963,20.951059281368803],[-101.67127192412842,20.95214547020233],[-101.6709125603462,20.95662242670628],[-101.6708844083323,20.9570802355666],[-101.67081296303715,20.958240892222623],[-101.670721125936,20.95991037161746],[-101.67065893859996,20.960829503166003],[-101.67063558333047,20.96117431752555],[-101.67057598481487,20.96199982340527],[-101.67043650284816,20.963651060961585],[-101.6703581019199,20.964939827419734],[-101.67041889361624,20.96532546157787],[-101.67041883396959,20.96544296089735],[-101.67041875014623,20.965533726787292],[-101.67038858132965,20.96600817923582],[-101.67037826511358,20.966296374667756],[-101.67031972917674,20.96682778374357],[-101.66988094118041,20.972285374075636],[-101.6696908052121,20.975208589027652],[-101.66958637786554,20.97578409764402],[-101.66950402264654,20.976168782265667],[-101.6694595711384,20.976893552291667],[-101.66937941922802,20.977743988467672],[-101.66935738957997,20.978009288283722],[-101.66931902279936,20.978470864646223],[-101.66918152235799,20.98142486020116],[-101.66890115640764,20.98621378995448],[-101.66844246129288,20.992524374550804],[-101.66841043059519,20.992965287520068],[-101.66831971945399,20.994213805023527],[-101.67239092655213,20.994674697512902],[-101.67545620889173,20.995021756975355],[-101.67653354323645,20.995117069492494],[-101.6783851679206,20.995281427329584],[-101.68486327696694,20.995962680210354],[-101.69136032888049,20.99664536681295],[-101.69628529679144,20.997169869064],[-101.6963431206273,20.99717605247309],[-101.69712916633152,20.99725947575311],[-101.69798869030268,20.997343236070297],[-101.69963960461423,20.997517002999288],[-101.70197859424022,20.99773419424965],[-101.70181729767215,20.99720922903987],[-101.70172883058495,20.996921281130064],[-101.70160649310164,20.996910424472468],[-101.7015485111354,20.996905279100815],[-101.70140472681958,20.996738951582145],[-101.70136514809057,20.99673671804181],[-101.70126736529667,20.996731203242902],[-101.70115692935357,20.996660294400918],[-101.7010321877089,20.99656975517655],[-101.70091945148921,20.99656486485097],[-101.70087956913471,20.996502764982477],[-101.70086301905378,20.995970836728713],[-101.70091080357565,20.995692429432957],[-101.70100384671915,20.995526742332014],[-101.70111773219327,20.995323940078343],[-101.70057466482665,20.99381090575997],[-101.69998907958346,20.99217936966798],[-101.70994954663865,20.991779145214004],[-101.71083737612527,20.98306554672294],[-101.71207856856478,20.983032178543752],[-101.71232999640506,20.983027218542993],[-101.71462010897189,20.982982297751605],[-101.71548342659237,20.982927655305307],[-101.71839160866197,20.982744474662002],[-101.72107688548381,20.98259181886145],[-101.72343937246845,20.982486521089346],[-101.72547662647654,20.9822935257896],[-101.72702139820316,20.982209663241093],[-101.72821867186109,20.98230023921881],[-101.73505652723667,20.98309394874726],[-101.73674391844494,20.982450433018613],[-101.73672481513869,20.982588031818814],[-101.73671633685521,20.98264911131358],[-101.73627516674976,20.985835272528803],[-101.73521853860805,20.992881885613553],[-101.73452233643376,20.997416153358337],[-101.73418031322691,20.99938862021512],[-101.7333777513352,21.00134664424355],[-101.73290752966626,21.00214940427166],[-101.73229952580382,21.002778856771435],[-101.7317687342873,21.003328363556246],[-101.7299110478198,21.005204392514738],[-101.73034092530833,21.005242347964227],[-101.73065010806268,21.005341825509944],[-101.73133999777669,21.00539537148253],[-101.73417301804591,21.005568827001117],[-101.73711528246866,21.00592461027591],[-101.73716757801189,21.005883964538064],[-101.73734709699107,21.005851200211204],[-101.73760521966157,21.005894522750182],[-101.7431237701789,21.00648157265885],[-101.74479864558384,21.006464025999943],[-101.74683351902927,21.00683635541356],[-101.74681466166031,21.006910670500904],[-101.74928635772163,21.007390903557184],[-101.7502405003209,21.007579464882305],[-101.75139489857402,21.00779790417478],[-101.75199154929858,21.007924003140758],[-101.75251585636177,21.00802581768976],[-101.75256545718273,21.008028714515874],[-101.75261958016493,21.008018812487403],[-101.75270269371978,21.008020536711207],[-101.75319670685002,21.008122024194314],[-101.75388005949833,21.00827225507024],[-101.75443507680177,21.008388547838514],[-101.75453245049894,21.00847172400209],[-101.75519516043434,21.008624541503888],[-101.75586887081829,21.00877185160792],[-101.75655675877606,21.00890547855385],[-101.75696120559587,21.009003260452218],[-101.75724819803764,21.009055565915595],[-101.7576556532783,21.009144273096325],[-101.75793306190356,21.009201242151608],[-101.75808876122957,21.009239965111476],[-101.75824991754357,21.009312445573826],[-101.75860787476206,21.009404120738253],[-101.759293784217,21.00960230702537],[-101.75998950617146,21.009812328149703],[-101.76041557739158,21.009960659944536],[-101.76134502376148,21.010284420211832],[-101.76144264275581,21.010316863482803],[-101.76180460653117,21.0104372163116],[-101.76200743007882,21.010504894091977],[-101.76265212273175,21.010720249846088],[-101.76329851069761,21.010941532851906],[-101.76397861963447,21.011172826697873],[-101.76466848345859,21.01141289379832],[-101.7653566309202,21.011645493645243],[-101.76602542932791,21.011869382891568],[-101.76671371473566,21.012109464909848],[-101.7673984503026,21.012333178400947],[-101.76809624654982,21.012568590232032],[-101.7687797799028,21.012808741491188],[-101.76946154812322,21.013042962026258],[-101.77012699380072,21.013256415418],[-101.7707317063747,21.01346932369105],[-101.77081387129165,21.01350553200891],[-101.77149922830048,21.013762158880922],[-101.77202180147559,21.01394038582247],[-101.7748244477224,21.01490241104848],[-101.77485776959342,21.014770900411083],[-101.77599283155236,21.015054464917185],[-101.77683477461609,21.015148214285045],[-101.77801724073888,21.015290013008595],[-101.77810419257386,21.015349063326088],[-101.77820245150156,21.015444757293064],[-101.77829585517169,21.015466788743915],[-101.77851432127241,21.015486683359526],[-101.77878004028123,21.015549494881018],[-101.77902755682759,21.015592471756328],[-101.7799910575968,21.01568746704174],[-101.78034605887497,21.015742048949086],[-101.78186624031682,21.015972338987506],[-101.78359228307859,21.0161969144698],[-101.78383745267368,21.016228821199082],[-101.78232944379978,21.021668113684978],[-101.78212119086712,21.022416604391367],[-101.78185238807129,21.0229358372567],[-101.78066317628095,21.024787901292246],[-101.78003460246917,21.02575311887864],[-101.7795552620955,21.026591696723308],[-101.77971068232277,21.02835749789979],[-101.780270857391,21.029384038454253],[-101.78059408878984,21.029976358449048],[-101.78120162234927,21.0311136879698],[-101.782077845726,21.030905288549175],[-101.7821972323095,21.030972471152182],[-101.78236737732182,21.031232517143216],[-101.78243554510506,21.031410652160975],[-101.78263586375762,21.032355806918154],[-101.78189679123705,21.0338355959664],[-101.77987838399103,21.04252079198797],[-101.78037641927554,21.043094338430333],[-101.78280257545164,21.045888251871567],[-101.78486168430614,21.04825936272738],[-101.7853670938375,21.048841336836833],[-101.7859271728519,21.049486250851476],[-101.78696333098287,21.049864035017738],[-101.78820391688215,21.04933091106621],[-101.78915683077672,21.050795772533235],[-101.78935802367882,21.05110504969494],[-101.78956832398715,21.051428326746713],[-101.78964682128974,21.051548994392785],[-101.78986841747388,21.05188963136828],[-101.78965900493709,21.05224769534453],[-101.78962519301099,21.052356559505093],[-101.7899878088749,21.052717047110562],[-101.7899538838713,21.05288801038334],[-101.7901162293948,21.05299112499483],[-101.79020136312673,21.052970581914817],[-101.79073317362536,21.052842257622387],[-101.79359107620394,21.051643120574933],[-101.80030764995847,21.050399385224352],[-101.80080401602685,21.050575410981526],[-101.8010697093025,21.052954081079537],[-101.80131807067117,21.053656966742786],[-101.80091444166017,21.053945048137894],[-101.80143117453342,21.05529696185637],[-101.80125341791866,21.05530635085042],[-101.80132277107042,21.055584865600576],[-101.80260268980392,21.055171031963727],[-101.80203336738859,21.054077221956003],[-101.80210698892726,21.053438166219447],[-101.80247943289719,21.05279588051355],[-101.80288956907941,21.052306329680817],[-101.80316538271279,21.052017374748438],[-101.80396388922819,21.051906170642713],[-101.80515432620147,21.051945261998586],[-101.8065262359241,21.05201185264444],[-101.8077591308378,21.051989390095745],[-101.80872765351839,21.051706145330915],[-101.80889162492402,21.051658190414162],[-101.80888246329111,21.05172350599236],[-101.80894197909043,21.05186652685881],[-101.8089915003731,21.05198552390993],[-101.80896577101458,21.052093445290485],[-101.80895189703716,21.05227942256318],[-101.80890452136347,21.052450700389475],[-101.80900847551193,21.05292760950126],[-101.80889946623735,21.053393601881087],[-101.80856997031586,21.054022274839653],[-101.80802742734471,21.05434435031448],[-101.80785094852091,21.054544141791908],[-101.80758203234852,21.05484857937534],[-101.80758311000497,21.05490599625289],[-101.8075870722047,21.055117098168733],[-101.80746253487882,21.055112452241104],[-101.80735473609994,21.055109209420205],[-101.80726663603959,21.05527411995324],[-101.80729905035953,21.055674503841107],[-101.80731507424848,21.056308561834104],[-101.80725158375427,21.05734097289767],[-101.80725503569202,21.0576896676217],[-101.8073154335847,21.05818670357286],[-101.80719954777342,21.058502170230216],[-101.8070823398993,21.0587513211008],[-101.80701756334997,21.058895023135094],[-101.80697785134385,21.059044489052997],[-101.80695211952352,21.059626965676415],[-101.80691440498836,21.06048070709891],[-101.8069125608915,21.060706893371318],[-101.80690354317896,21.06181596035162],[-101.80705011052606,21.062036379699713],[-101.8071197215055,21.062094616523616],[-101.8070707148515,21.062293360210283],[-101.8069675411988,21.062445687669534],[-101.80696999226122,21.062674824354495],[-101.80703378638678,21.062855264997804],[-101.80705050940024,21.06290256595109],[-101.80720913691958,21.06292476220263],[-101.80730925269711,21.062918140953716],[-101.80734004722152,21.062873045685393],[-101.80741413648744,21.062886713584334],[-101.80752564494765,21.06292936532794],[-101.80763500434915,21.062853363702896],[-101.80777767900318,21.062870770664777],[-101.80784495623982,21.062800340913512],[-101.8079766233888,21.06279319724274],[-101.80801123901787,21.062780487028796],[-101.80806041771896,21.062762116639615],[-101.80806891923736,21.062653127108298],[-101.80822475630839,21.062526806952732],[-101.80833801799983,21.06265851142398],[-101.8085109583933,21.063442775182],[-101.80878125435684,21.06379472443344],[-101.8087333686377,21.06405292919561],[-101.80880042903232,21.06453685648487],[-101.80863497696721,21.064712887360276],[-101.80856086339406,21.06497648952211],[-101.80845187498308,21.065072338923006],[-101.80840064016812,21.06515234341596],[-101.80843366591945,21.065226076715447],[-101.80846239217013,21.065349342712217],[-101.80837375065214,21.06540532581273],[-101.80836580707637,21.06554400017397],[-101.80832576792841,21.065658567031612],[-101.80804488359092,21.065866111697776],[-101.80794101504532,21.065923373927298],[-101.80787626776385,21.06587386529159],[-101.80779312149757,21.065939594447276],[-101.80768963233193,21.066045282694088],[-101.80770166160757,21.066160790676907],[-101.80766245742495,21.066283285997212],[-101.80761935241895,21.066234539472585],[-101.80750048504241,21.066083069757678],[-101.80738197012502,21.065913275534545],[-101.80734335731478,21.065857953003288],[-101.80728504313615,21.065844025134542],[-101.80723865788597,21.06589930680015],[-101.80727672922528,21.06596303026461],[-101.80730499054607,21.066061575234652],[-101.80737104375858,21.066208953806765],[-101.8073947350288,21.066347195981184],[-101.80736252810941,21.066600175173637],[-101.80735542073786,21.066783424273893],[-101.80747064016391,21.06701916274862],[-101.80752893625396,21.067315141811694],[-101.8076279112714,21.067813525378757],[-101.80763483605112,21.067917938174794],[-101.80764295871121,21.06804045110369],[-101.80750912012373,21.068333291055254],[-101.80743201348255,21.06834909846365],[-101.80740341257942,21.06847304327251],[-101.80735776964912,21.068517391302215],[-101.807286170391,21.068524768842927],[-101.80729007139234,21.068620229493085],[-101.80725383696873,21.068751612854214],[-101.80713272573708,21.068898927562408],[-101.80704090084807,21.068946497794396],[-101.80700242511837,21.068966430604068],[-101.80688662811765,21.068982876102304],[-101.8068420779673,21.06908533300473],[-101.80682152068928,21.069223765607752],[-101.8067399180226,21.06941402200812],[-101.80650505412767,21.069686691592555],[-101.80628000652597,21.07006822801742],[-101.8060760056399,21.070333166472775],[-101.80585640604532,21.07059104956099],[-101.80565954742177,21.070826807320802],[-101.8055760347257,21.07091537500165],[-101.8057807288896,21.070953082911025],[-101.80569851370387,21.071254788955606],[-101.80570533137038,21.071617960378752],[-101.80558184205535,21.071634533311308],[-101.80538648193465,21.07153604407813],[-101.80534942736534,21.07162384613462],[-101.80549172867084,21.071781336349314],[-101.80557333413817,21.072005177489757],[-101.80547453059664,21.07457875993383],[-101.80535968464729,21.07464600570922],[-101.80526858085702,21.074854290619196],[-101.8053289501235,21.0749353340269],[-101.8052370130115,21.07512034721528],[-101.80515399782738,21.07525250132168],[-101.80501009089272,21.07542366177577],[-101.80504781537952,21.075472949106654],[-101.80503527212996,21.075565218864448],[-101.8049929900199,21.075598500094806],[-101.80500616995123,21.075649997914358],[-101.80493280658126,21.075768183893317],[-101.80482417613216,21.07585825103152],[-101.80476375228372,21.075905281362218],[-101.80469559307032,21.07597545516808],[-101.8044993267706,21.076078343125847],[-101.80424234985742,21.076213012941118],[-101.80390569770253,21.076319755865928],[-101.80369460686148,21.07635970911599],[-101.8034442008834,21.076375399645915],[-101.80306315989692,21.07647520488217],[-101.80285021873425,21.07652637818762],[-101.80270702372519,21.076608636878206],[-101.8026494158801,21.076641454055302],[-101.80246576253687,21.076706295381243],[-101.80227116593802,21.07676727300054],[-101.80207388248851,21.076879472624913],[-101.8019408910227,21.076939434850726],[-101.80180368138538,21.076968958204684],[-101.80165285376074,21.077046273231755],[-101.80156063946643,21.077153305399793],[-101.80142004979723,21.07719299420393],[-101.80129817830525,21.07726649050937],[-101.80147884527653,21.079516495051617],[-101.80135017586825,21.07982395869603],[-101.80115496019943,21.079924028456904],[-101.80098722204474,21.080152891035116],[-101.80054328094917,21.08033342625392],[-101.8005201410489,21.080600968524777],[-101.80054554593914,21.08078846203948],[-101.80065682277272,21.081050805426706],[-101.8007497297402,21.08116669638965],[-101.80077635743602,21.081254347050624],[-101.80093339081296,21.08156259674787],[-101.80111001914871,21.081803553813582],[-101.80151856879442,21.081791027348483],[-101.80176343897149,21.081901325999127],[-101.8022654321772,21.08212743947639],[-101.80370658350985,21.08260239004304],[-101.80549086668303,21.08319040098978],[-101.80560519694498,21.084826574263747],[-101.80551473490601,21.085558965471638],[-101.80837396316066,21.085899644703478],[-101.80851566997765,21.086314755237638],[-101.80869640686308,21.086844192712874],[-101.80903101932942,21.087759788282607],[-101.80933863774283,21.088562795492074],[-101.8096567160952,21.089393417616183],[-101.80981518210486,21.090361826154197],[-101.80994512748718,21.091155915780483],[-101.81009973547373,21.092100707601432],[-101.81065954121412,21.093441508463275],[-101.81108325160328,21.09445632228332],[-101.81151102085994,21.09548076975792],[-101.8117553121098,21.09590101116705],[-101.81154290316017,21.096534120758758],[-101.81125746583446,21.09736779806412],[-101.81086386475162,21.098401711176425],[-101.81034315249094,21.099767713579666],[-101.81053274947392,21.099939415339037],[-101.81077320047264,21.100157167270506],[-101.81084415691815,21.10033791842265],[-101.8109357595681,21.100571272954088],[-101.81093504379162,21.1010524019349],[-101.81093433305665,21.10153143915546],[-101.81087852116332,21.101988845295004],[-101.81083984920825,21.10230577828437],[-101.81077103612998,21.102435906453998],[-101.81069138452047,21.102586532438334],[-101.81056314443123,21.10273430101176],[-101.81048479527111,21.102735600574793],[-101.81046901792106,21.10293812556501],[-101.81035306115251,21.103027417282938],[-101.81033659003168,21.103193218438147],[-101.81028822411929,21.103256625897025],[-101.81021226444473,21.10335620805189],[-101.81027179829341,21.103392044464783],[-101.81006283857697,21.10374489176182],[-101.80984568420361,21.104180728605417],[-101.80975061225607,21.104338627958146],[-101.80948029355172,21.104554671266502],[-101.80925328299226,21.104728478040233],[-101.80925156917104,21.104898638506704],[-101.80937258395541,21.105600178245094],[-101.80955294788387,21.10607075956777],[-101.80951449939307,21.1066323395881],[-101.80951390896217,21.106668723634193],[-101.80950770699955,21.107050879377457],[-101.80953267822208,21.1075975965584],[-101.80946301383696,21.108578119527632],[-101.80929406415248,21.110015449672343],[-101.80938655975297,21.109981693154197],[-101.80947362840173,21.10992510413273],[-101.81000532429789,21.109797794558414],[-101.81046385904381,21.109688002561718],[-101.81183021265764,21.109389416612],[-101.81353668899123,21.10893805263036],[-101.81451912564559,21.108549337914702],[-101.81472362333307,21.108481589275765],[-101.81522519582143,21.10831693081938],[-101.81554616912824,21.108187404757494],[-101.8159969075797,21.107927016623734],[-101.8166184914181,21.10763165583306],[-101.81762694227916,21.107063153928117],[-101.817905450056,21.108318309083465],[-101.8181817048246,21.10945400156192],[-101.81938553280857,21.114822668156897],[-101.81950159044716,21.11532607492941],[-101.81988688187526,21.117053376553546],[-101.82016595969985,21.118248131517905],[-101.82021471706432,21.118489654658926],[-101.82034511361888,21.118689563248704],[-101.82084473400248,21.1186594014014],[-101.82092613977841,21.11859703299402],[-101.82106116514427,21.11859712803309],[-101.82103202966357,21.11864220134996],[-101.82100173125345,21.118759947145858],[-101.82102703821785,21.118846187322468],[-101.82105252065688,21.118932750456253],[-101.82108520745818,21.119075352772906],[-101.82102690177493,21.119167841699955],[-101.82092446386285,21.11930096043081],[-101.82104709284708,21.11930830327122],[-101.82110111132485,21.119253430551698],[-101.82113148988758,21.119274044857683],[-101.82118587240204,21.119242631770206],[-101.8211945336404,21.11917208850489],[-101.82122759036491,21.119065940219354],[-101.82127493423319,21.118926700626133],[-101.8212443962585,21.11888159325468],[-101.82121837468122,21.118843163096667],[-101.82119118620253,21.118731067446394],[-101.821245204439,21.11867619470698],[-101.8212622786553,21.118786113547568],[-101.82131930840137,21.118893785999372],[-101.82136084039172,21.118972201684638],[-101.82147640627687,21.119134540698365],[-101.82161651740574,21.119139245636042],[-101.82173699965334,21.119163049934347],[-101.82194427981128,21.119145517611393],[-101.82210626291375,21.119274680687447],[-101.82232879907735,21.119451030474124],[-101.82260694240311,21.119664902301054],[-101.82298693886999,21.11983212931051],[-101.82332610312906,21.120012938989976],[-101.8236694065143,21.120052253786966],[-101.82403788211049,21.11997596276644],[-101.82485134522989,21.1198782042296],[-101.82525091939969,21.11998747323761],[-101.82568949180468,21.120359267919707],[-101.82599463891108,21.12055345827961],[-101.82642327619257,21.12075840281197],[-101.82678708073317,21.120790958502614],[-101.82729385872912,21.12078249732919],[-101.8273601340637,21.120758153450364],[-101.82771574984162,21.120627525170306],[-101.82795878479885,21.120437090092754],[-101.82813966368172,21.11995879248017],[-101.82817408290586,21.119867776507384],[-101.82923357628081,21.118676584407677],[-101.82946342559798,21.118932858803117],[-101.82951478408707,21.119051496974276],[-101.82967800270141,21.119178647317703],[-101.82968854516885,21.11936628976625],[-101.82992286479492,21.119013721191013],[-101.83032304676209,21.118931669331527],[-101.8307073731611,21.119075970474157],[-101.83094422021817,21.119383028721263],[-101.83099996664377,21.119674250952425],[-101.83096637793113,21.120023466812363],[-101.83096354006875,21.120400416785817],[-101.83100101210046,21.120786171461116],[-101.83102840982437,21.12117200245903],[-101.83080247446671,21.121439684084606],[-101.83084554484772,21.12158969196401],[-101.83081159849439,21.121920137903146],[-101.8308359558671,21.12214582035116],[-101.83091202699484,21.122446089228216],[-101.83093585196428,21.122643619864988],[-101.83090982715579,21.122860755365203],[-101.83090404942992,21.123087030993396],[-101.83087792715315,21.12329478153438],[-101.83093188779443,21.12349180826339],[-101.8309144272356,21.12363343885243],[-101.83087299164262,21.124095874483157],[-101.83091749413208,21.124321219083185],[-101.83114793593239,21.12467062189345],[-101.83113270201657,21.12501303019973],[-101.83112244973202,21.12538793922366],[-101.83115418865648,21.12568479741216],[-101.8312296994645,21.126005382091055],[-101.8313683314649,21.126675189914284],[-101.83133662376429,21.126831138665054],[-101.83126767404903,21.12707300108143],[-101.83122035908272,21.127305203533183],[-101.83119107322153,21.127647128221724],[-101.83118388953766,21.127790934024397],[-101.83122645837182,21.127939501919393],[-101.83134447216077,21.128079317960072],[-101.83160507586112,21.12818696409281],[-101.83186315672053,21.12827028552742],[-101.83206780025188,21.128363885356944],[-101.83215305206048,21.128453885600265],[-101.83217192026595,21.128504433269526],[-101.83221340821055,21.128615606181565],[-101.83223646751591,21.128664226801536],[-101.83240566779398,21.12890075060736],[-101.8325980469238,21.129087878977103],[-101.83271060640261,21.1291952941058],[-101.83269978609432,21.12936894349862],[-101.8327347765304,21.129502748025295],[-101.83271149560773,21.12973030745937],[-101.83275976305012,21.129811179456368],[-101.8328476767149,21.13007866704122],[-101.8330617593107,21.130251260395134],[-101.83314439665801,21.130433094026678],[-101.83321977874394,21.130788337633536],[-101.83317043543366,21.131527084236353],[-101.83316703869083,21.131903410793118],[-101.83318568522404,21.132329008452153],[-101.83311169318416,21.132597671201538],[-101.83311206292402,21.13317204556785],[-101.833124307993,21.133261012055783],[-101.83316241244583,21.13332472514423],[-101.83312760245113,21.133434244566168],[-101.83319748553323,21.13377974207312],[-101.83324367346842,21.13426426720766],[-101.83324523276896,21.134625708662725],[-101.83324993550681,21.135427811870258],[-101.83329650236412,21.135932186004634],[-101.83348529056143,21.136701513376234],[-101.83359403411698,21.13720301989906],[-101.83360622299956,21.137259194727196],[-101.83364145642557,21.137421667072903],[-101.83360618101136,21.137509212091768],[-101.83357094486493,21.137596395358074],[-101.83325553644305,21.137666028551337],[-101.83312388606801,21.137682954485093],[-101.83288827122864,21.137503852173253],[-101.8323775209854,21.137289563619163],[-101.83198676015341,21.137281210579488],[-101.83135376371997,21.137301731343026],[-101.83103770598623,21.137313609285282],[-101.82983862154522,21.137358666223225],[-101.82927131099345,21.13750179174206],[-101.82923249681845,21.13751158445869],[-101.82883961290132,21.137669237425875],[-101.82850953660726,21.137641362250132],[-101.82801290878133,21.137431155160744],[-101.827639453458,21.137101288643798],[-101.82747573085736,21.13696963391228],[-101.82727069848778,21.137023421225276],[-101.82704830223,21.137102772158496],[-101.82685008200356,21.13703884366944],[-101.82652439290543,21.13686783438403],[-101.826234075918,21.136671054642083],[-101.82595921550808,21.136611205268427],[-101.82591023467413,21.136600714706614],[-101.82561213301216,21.13646293543271],[-101.82542423237425,21.136474465518994],[-101.82530178072409,21.136627777218727],[-101.82525031360457,21.13674623904159],[-101.82504608050998,21.136842158928122],[-101.82486338809153,21.136830878811224],[-101.82483089103177,21.136828874686252],[-101.82460371344985,21.13665621783406],[-101.82430188985488,21.13632514733656],[-101.8240790845945,21.136066957641937],[-101.82385642107188,21.13597968418544],[-101.82345197875284,21.13590240526595],[-101.82306856972335,21.13599282914678],[-101.82276606308211,21.136098689059924],[-101.8223577225705,21.13581984236592],[-101.82229904084153,21.136030846630767],[-101.82230206506323,21.13619045734203],[-101.8222256187816,21.13641023815501],[-101.82195023575244,21.136532433430496],[-101.8216305984888,21.1366806382541],[-101.82131827654082,21.136736051256605],[-101.82098567173811,21.136674603389398],[-101.82069917836202,21.13667937909175],[-101.82044559180281,21.136532338148548],[-101.82035826948162,21.136651393736457],[-101.82028070621338,21.136812347782488],[-101.82002229336408,21.136883895501636],[-101.81986239383426,21.13695380035989],[-101.8197833975102,21.13703914424014],[-101.8194797731598,21.137086172481162],[-101.81930202390556,21.137156372452935],[-101.8190866793305,21.137134780096222],[-101.81898912107798,21.137186859236607],[-101.81879145735651,21.137156484435813],[-101.81862092616333,21.137134144985374],[-101.8185500175265,21.137177295174443],[-101.81830817719225,21.13717292770869],[-101.8182179941888,21.137140856001025],[-101.81799917198256,21.13710343470302],[-101.8178534458647,21.13712967379293],[-101.8176763786386,21.13691116199319],[-101.81697902219939,21.13603545928514],[-101.81677364427262,21.13616343128869],[-101.81638665027164,21.136278629687936],[-101.81617255804537,21.13634437864075],[-101.81600863719477,21.13643257857589],[-101.8159015905337,21.136465408637118],[-101.81578658879855,21.13651389267592],[-101.81563733840319,21.136500852578415],[-101.81554000837619,21.13661123023314],[-101.81541602374166,21.1366210547944],[-101.81520996535211,21.136671145464803],[-101.81511993576535,21.136726977189095],[-101.81499631370951,21.136760170021457],[-101.81475908498359,21.136911684969935],[-101.81458551583309,21.136930095458222],[-101.81450417482954,21.13700915878712],[-101.81423320542355,21.137130185468514],[-101.81398676830783,21.137235277599018],[-101.81382416623212,21.137393312132517],[-101.81365877774654,21.137403914223587],[-101.8134776893272,21.13746125921961],[-101.81327368437009,21.137620071045646],[-101.81282338566244,21.137891645975017],[-101.81243659536598,21.138022356133092],[-101.81207544458303,21.138191540238655],[-101.81176343756843,21.138328768831528],[-101.81148311038005,21.138395611994742],[-101.81125441935826,21.138562504242092],[-101.8110081238437,21.138675354548376],[-101.81090925771365,21.138700373401697],[-101.81083425690419,21.138678242835013],[-101.81078548269458,21.13872571479372],[-101.81065390132824,21.138774472860945],[-101.81061360182946,21.13882956667395],[-101.81043294942202,21.138910186718935],[-101.81023542972906,21.138975652565886],[-101.80997343487199,21.139135424909306],[-101.80984375383747,21.139285146792933],[-101.80967982830492,21.139373340392165],[-101.80950976970601,21.139578156994297],[-101.80967712514372,21.14054643941403],[-101.80970190753986,21.140981060527086],[-101.8100332425172,21.1414262042967],[-101.81032973664493,21.142865460375063],[-101.81038486873744,21.1431331070957],[-101.81041608290363,21.14328434643802],[-101.81039402469841,21.144310109352293],[-101.81038133660883,21.144512310965435],[-101.81028722338147,21.144793576734155],[-101.81024445922564,21.145159461816924],[-101.81031373039163,21.145756436004916],[-101.81038671068245,21.14611263552582],[-101.81059354433748,21.14654422952249],[-101.81096556653883,21.146949795620195],[-101.81114588219702,21.147413871144305],[-101.81110552449589,21.147802100566796],[-101.81065781035336,21.14807786907903],[-101.81011820164028,21.148534142311096],[-101.81028305844971,21.14885190132283],[-101.81078599293261,21.149395096679413],[-101.81086624292325,21.149438529011125],[-101.81084070414668,21.14976694036649],[-101.81085966628844,21.1499306214128],[-101.81094174203797,21.1500708683198],[-101.81088115850987,21.150228377697527],[-101.81111382277706,21.150324578602913],[-101.81119231604265,21.150356384650244],[-101.81143065435374,21.15036913183851],[-101.81198880110581,21.150396343626305],[-101.81253840594671,21.150469157501387],[-101.81272656941583,21.150331908559338],[-101.81290118162698,21.15032151281507],[-101.81313665532866,21.15016849479255],[-101.81336659291931,21.15014237618423],[-101.81361070378635,21.15002649065732],[-101.81404712200555,21.149996847711765],[-101.8147694451882,21.149955042509166],[-101.8151520872915,21.150023226676385],[-101.81534302325232,21.150168062213147],[-101.81540195954227,21.150212799381446],[-101.81494073215207,21.150608078223932],[-101.81426430710385,21.151394629310904],[-101.81379856765592,21.15197631116982],[-101.81374774962228,21.152230593928838],[-101.81380239048801,21.152602349363413],[-101.8138846043339,21.15267367711975],[-101.8139963315666,21.152770607377356],[-101.81412651057886,21.15293243432643],[-101.8141383879333,21.153140908939793],[-101.81403027117365,21.15330670198711],[-101.81394854550035,21.153370079023905],[-101.81379535789195,21.15348949539125],[-101.81343364084886,21.153689294210032],[-101.81315302279275,21.153977274115224],[-101.81287465389896,21.15438435237447],[-101.81171746990233,21.155380069961538],[-101.81155360170736,21.155539388143904],[-101.81145937683844,21.155600523768445],[-101.81131713131845,21.155640164573324],[-101.81128757518326,21.155759973640656],[-101.81115523284289,21.15590378372783],[-101.81093448579024,21.155996897650763],[-101.81086498156274,21.156102387978503],[-101.8108028477677,21.156177971702405],[-101.81070026630528,21.156216952732535],[-101.81056609362402,21.156263860348343],[-101.81029612247693,21.156275838291617],[-101.81015415897184,21.15633036510506],[-101.81006814491204,21.156406343653753],[-101.80988007122623,21.15649082028628],[-101.80972776228583,21.156471661043973],[-101.8095445683618,21.1564523197139],[-101.80923535338476,21.156487243005486],[-101.80902155243264,21.15652806986907],[-101.80877672372006,21.156606687815742],[-101.80826543701566,21.156883510470696],[-101.80790412655443,21.157105673743235],[-101.80784964187163,21.157166236117654],[-101.80774635749503,21.157167951187386],[-101.80768464020628,21.15726582021303],[-101.80759729976026,21.157267270453033],[-101.8074869238025,21.157313870941667],[-101.80741629381573,21.157359810556862],[-101.80728133583628,21.157369451904675],[-101.80723486467562,21.157429881970728],[-101.80710019016152,21.15745450217039],[-101.80692613015405,21.157494666799437],[-101.80681701670326,21.15760821487969],[-101.80668326593593,21.15767758456798],[-101.80651685703776,21.15770263991169],[-101.80637503074934,21.157764653368485],[-101.80631148722703,21.157765708005325],[-101.80608919052193,21.15777688914598],[-101.8059710190696,21.157831017864428],[-101.80582272634801,21.157975090900184],[-101.80562599058185,21.158075290059056],[-101.8054524926291,21.158145228108943],[-101.80526383087752,21.158252693602506],[-101.80503528390413,21.158353419918246],[-101.80483292338047,21.15858034011953],[-101.80478903881037,21.158782338102075],[-101.80487414729569,21.159079133605648],[-101.80497918061361,21.159174235524084],[-101.80511368693165,21.15917907069002],[-101.8051949049663,21.159238093175937],[-101.80518505497405,21.15929386911749],[-101.80516640867766,21.15939913848874],[-101.8050800929746,21.15988819929204],[-101.80503389458947,21.160388351814362],[-101.80498783730448,21.16089599294297],[-101.80504191352769,21.16165541028024],[-101.80554378643532,21.164673359069372],[-101.80571126801443,21.16581007347252],[-101.8057442828878,21.166034156358624],[-101.8055326566853,21.16618677112454],[-101.80532193125805,21.16639144895977],[-101.80518318879868,21.166617403924118],[-101.8050896580174,21.16671589159411],[-101.80489986006572,21.166763718830598],[-101.80480463974031,21.166772790765304],[-101.80474207775644,21.166825996521773],[-101.80470303471948,21.16686391947805],[-101.80463808075592,21.16679044613709],[-101.80255555073875,21.165498135615206],[-101.80056236673514,21.16430874055607],[-101.79761154957978,21.162479189600976],[-101.79407410898139,21.160294005498276],[-101.79257871569443,21.159372101598898],[-101.79134896202669,21.158624595214114],[-101.7903365061236,21.15803008849736],[-101.7884614825722,21.156771431567126],[-101.78798791653772,21.156518398172523],[-101.7874343015645,21.156236808059763],[-101.78670714557661,21.15644257432165],[-101.78626407681229,21.15654681130061],[-101.7861605891661,21.156533624657627],[-101.7855405407626,21.15694629371126],[-101.78522511546372,21.157078211756527],[-101.78517370432837,21.157090969501247],[-101.7847743310913,21.157190062325608],[-101.78422908405511,21.157355547970333],[-101.78383480246983,21.157518545693556],[-101.78356713218224,21.15764967284954],[-101.78310193049127,21.157843711344086],[-101.78281107525616,21.158012494675937],[-101.78272602294336,21.158140616852496],[-101.78266568160147,21.15831300876893],[-101.78247366849894,21.15866654504302],[-101.78239961197686,21.158958482450743],[-101.7823680281489,21.159391334300242],[-101.78225416732728,21.159676434739318],[-101.78202115057823,21.159963586090413],[-101.78186475574078,21.160100281751664],[-101.78150951375461,21.16022544626855],[-101.78121795732123,21.160356963274598],[-101.78159895769723,21.160760644783856],[-101.781673500833,21.16092341469272],[-101.7818116722209,21.161085138535757],[-101.78186909551943,21.16118103946279],[-101.78187035084747,21.161248169348823],[-101.78200788151457,21.161380028646327],[-101.78200134188829,21.161454690286295],[-101.78200343255698,21.161566483767043],[-101.7820928691324,21.161676839011406],[-101.782104522723,21.16181284408307],[-101.78211327331218,21.16191496507094],[-101.7820839688748,21.162049658989854],[-101.7820880104205,21.162265757162285],[-101.78218059474702,21.16254006037995],[-101.78230546755006,21.162843615798042],[-101.78223822852934,21.163075778884746],[-101.78222390697414,21.163582899672594],[-101.78234865366052,21.164303897096662],[-101.78227788146218,21.164767177532738],[-101.78237829250726,21.165307703899582],[-101.78249876119818,21.165956198882377],[-101.78273251218822,21.166556170787807],[-101.7829493059709,21.166781751316808],[-101.78327551277,21.167121175397178],[-101.78332146193591,21.16721373734746],[-101.78344070033889,21.16745394116281],[-101.78355367848451,21.16797385604185],[-101.78362629490297,21.168457158978253],[-101.78369570159053,21.168769117898698],[-101.78373872861708,21.16899313528274],[-101.78375718840496,21.169050829544],[-101.7837820931465,21.16907055436429],[-101.78381306947489,21.169095087447182],[-101.78387689752952,21.16910901823434],[-101.7839252754107,21.169145407605253],[-101.78388728385855,21.169235569360357],[-101.78385717498813,21.16933253441981],[-101.78385704520709,21.169332953629517],[-101.78385727601172,21.169333406621107],[-101.78389856382977,21.169414273171586],[-101.78388457264072,21.16946094306499],[-101.78385440449033,21.169561580600803],[-101.78385367164752,21.169564025592013],[-101.78385409160606,21.169586457512565],[-101.78385632375172,21.169705686201496],[-101.7838509010556,21.169839897587114],[-101.78386120567531,21.169966448244057],[-101.78390274473763,21.170031832025614],[-101.78395511163393,21.170021869683463],[-101.78399898244949,21.170013522375857],[-101.78406841714148,21.17000031059824],[-101.78410956186801,21.170074184889422],[-101.78416685224084,21.170162686812912],[-101.78413846516227,21.170342043108104],[-101.78413254465094,21.170453969185335],[-101.78411793308912,21.170521271808614],[-101.78411960733935,21.170610688106265],[-101.78410036750525,21.170643920335507],[-101.78409279585767,21.17065712776499],[-101.78405035760198,21.170731148474196],[-101.78405398485037,21.170924870103274],[-101.78408071525392,21.17108093555808],[-101.78406998081874,21.1711815680516],[-101.7840400828809,21.171267444772038],[-101.78398603642333,21.171373392994308],[-101.7839484176887,21.17141995199488],[-101.78389463421816,21.171535736778022],[-101.7838231313758,21.171641884049876],[-101.783824053766,21.171691148348593],[-101.78379813193843,21.171726464949543],[-101.78377282200096,21.171760947254676],[-101.78376712957177,21.171829908455084],[-101.7837195935922,21.17190623657195],[-101.78367486992565,21.171946326074035],[-101.7836694057405,21.172031798483797],[-101.78363160265255,21.172068524072515],[-101.78361506679809,21.172117986567596],[-101.7836411209531,21.172199690811436],[-101.78364429080358,21.172246906760122],[-101.78364596315096,21.17227181687003],[-101.78361251060413,21.17235441191338],[-101.78361716864535,21.172416701898037],[-101.78357305972528,21.172489635163014],[-101.78358794235831,21.172538578341726],[-101.78357404890023,21.17259433825147],[-101.78355221577168,21.172681954397756],[-101.78343809593042,21.172936554462922],[-101.78322795401556,21.17314065613381],[-101.78271720940096,21.173795758466348],[-101.78212546991855,21.17446988352899],[-101.78212255570443,21.174691602741515],[-101.7821319078013,21.174826380687676],[-101.78213493864102,21.174869837206437],[-101.78225126579598,21.175275792407504],[-101.78232767668696,21.175486909787566],[-101.78232197091548,21.17566544114319],[-101.7822706440145,21.175827757340105],[-101.78230912993408,21.175946080395136],[-101.78241989281187,21.176054732805692],[-101.78265958826991,21.176280127422302],[-101.78282708713944,21.176515286844822],[-101.7829759381738,21.17672530005937],[-101.78306845332402,21.176825676331102],[-101.78325467877049,21.177094553315285],[-101.78346058614211,21.17744803768856],[-101.7834547231289,21.177618087448664],[-101.78319711241448,21.17789418528984],[-101.7830501878877,21.178270449979216],[-101.78298315637221,21.178560466713336],[-101.783078141036,21.178796819080137],[-101.78302808461098,21.179027076517727],[-101.78305864000598,21.179205011363173],[-101.78314155458514,21.179275399938984],[-101.78320590569778,21.17933002707752],[-101.78322484652247,21.17945767937809],[-101.78324741369808,21.179609773548023],[-101.7833209673856,21.179668040581742],[-101.78331558097706,21.17986353559061],[-101.78317491681742,21.18009528576255],[-101.78310613653976,21.18029182421383],[-101.7829650724638,21.18049803926796],[-101.78266968521481,21.180689827157536],[-101.78239167570038,21.180838908014145],[-101.78197567875007,21.180879695166013],[-101.78185841066504,21.180907168721664],[-101.78177530939311,21.180910133165217],[-101.78142384721626,21.18092280802668],[-101.78122763550651,21.18108741825394],[-101.78092003736796,21.181593858934235],[-101.78012257793759,21.182550081176785],[-101.78002459130018,21.182636715166097],[-101.78001150487802,21.182908786011804],[-101.77997565594794,21.183410753166374],[-101.7799991962838,21.183494694761208],[-101.7800823843086,21.18379132491681],[-101.77998757400603,21.18404777165405],[-101.78010366726238,21.18444524854621],[-101.78004583240264,21.184743598372243],[-101.78004361363132,21.184895917803797],[-101.78004187224198,21.18501551626975],[-101.77997658258076,21.18539892081112],[-101.78003570289098,21.18565292259483],[-101.78002031383856,21.185797588571898],[-101.78017964938434,21.18608387804368],[-101.78037556481667,21.186386535122647],[-101.78052410706503,21.18657949636156],[-101.78071716304972,21.186729304183764],[-101.78062015793043,21.186964969914317],[-101.78060449970657,21.187003011553706],[-101.78069067830614,21.187247994893813],[-101.78088041410282,21.187703738893337],[-101.78101563693784,21.18815180402152],[-101.78107682845064,21.18851615427348],[-101.7810735867593,21.18883057437244],[-101.78104273429537,21.18940847354661],[-101.78098903054287,21.190414406725175],[-101.7809260289716,21.191594506791148],[-101.7803080711739,21.191978526763467],[-101.77958053398424,21.19253499968564],[-101.77903081137505,21.192955463242495],[-101.77780260432424,21.193584552966023],[-101.7771282542691,21.193929951536862],[-101.77674769389161,21.19441204523746],[-101.77598863268867,21.195486582186057],[-101.77562556544495,21.196029191512842],[-101.77559196055694,21.196079414477897],[-101.77541318218589,21.19620979718633],[-101.77492881848208,21.196472644467093],[-101.77444278698606,21.19664210247524],[-101.77442209282205,21.197429861953726],[-101.77439355242575,21.198516262987145],[-101.77435804224727,21.199868025445085],[-101.77434553457996,21.20038904012503],[-101.77430202718466,21.202201374709006],[-101.77428474264913,21.202649205551662],[-101.77424758882839,21.203566079318158],[-101.77416204339531,21.20571796388506],[-101.77416158683651,21.205840325511375],[-101.77405060036641,21.210566393558626],[-101.77395139953882,21.213346371825097],[-101.77393167477453,21.21389910929303],[-101.77377898422061,21.21396958344706],[-101.7735325816227,21.214129875703488],[-101.77384241098798,21.21463168409882],[-101.77376218377623,21.215489877691837],[-101.77387670609424,21.21628758597498],[-101.77386893697144,21.216840087056728],[-101.77387220185229,21.21750279198117],[-101.77387220620993,21.217987111903923],[-101.77389461270708,21.21966904640967],[-101.7738941282127,21.219670784957767],[-101.77381664842605,21.220331738153856],[-101.7737790824318,21.221242864552227],[-101.77375853316416,21.22160007771599],[-101.77372521053641,21.22223792997794],[-101.77365047354692,21.223573160656212],[-101.77357897177421,21.224109651093087],[-101.7734740613096,21.224799586872003],[-101.773355024982,21.225702220060988],[-101.77328494479966,21.225830815259776],[-101.77327042537443,21.226026460705604],[-101.7732205071093,21.226265198065185],[-101.77306241722286,21.227015579221657],[-101.77290504428613,21.227808368085874],[-101.77266806862623,21.22918877615858],[-101.77245822845104,21.230084326925688],[-101.772396087335,21.230637631509207],[-101.77213812392543,21.232529292253897],[-101.77094867575182,21.232895175470397],[-101.77213965247714,21.23252926712251],[-101.76939438504141,21.252658718685414],[-101.76943935678521,21.252781814836997],[-101.76945420973537,21.25282298726686],[-101.77249770838121,21.26115239026656],[-101.77268574940271,21.261186030449934],[-101.77294400870349,21.261279887952835],[-101.77304833828293,21.261409910636903],[-101.77309947313121,21.26147363533194],[-101.77312411906877,21.261674413220742],[-101.7731236622233,21.26174074412252],[-101.77312272739536,21.26187561801525],[-101.77303355022036,21.26214695411022],[-101.77295880871164,21.262349457794162],[-101.77291697027078,21.26262985081625],[-101.77287348965774,21.26282687554742],[-101.7728768896964,21.26300832778329],[-101.77287110320125,21.26316989288504],[-101.76975412074806,21.26594216074467],[-101.76966963366395,21.26592719066911],[-101.76382871331947,21.264892167004522],[-101.74909969919439,21.26234420277542],[-101.73822024002727,21.260461267241773],[-101.73782997774882,21.26351619122087],[-101.73722043633721,21.26775553727638],[-101.73660282059444,21.27155960625082],[-101.73601643434402,21.275956952372372],[-101.73584958642384,21.277208328274845],[-101.74027021745943,21.278040901979836],[-101.74019499798172,21.278457160196425],[-101.74010177910746,21.278973256164363],[-101.74000501396668,21.27950929243377],[-101.73966135515013,21.281412043535042],[-101.73962999564893,21.2815856690327],[-101.73943865433806,21.282836697787076],[-101.73936991337312,21.2844290755124],[-101.73924224399828,21.284774496711456],[-101.73896291527733,21.285130869765634],[-101.73868110100821,21.285353162087166],[-101.73863606204138,21.286300344940596],[-101.73863009224313,21.287422718810564],[-101.73850190351851,21.288220433784197],[-101.73839974982248,21.288498467471946],[-101.738172146902,21.288753451196087],[-101.73790850267508,21.288992234177122],[-101.7376781050702,21.28909644163997],[-101.73752953938063,21.289278923602033],[-101.73746983927407,21.289430626804375],[-101.73749142838608,21.289631282623194],[-101.73761061883707,21.289796862092228],[-101.73782811391482,21.289960843576775],[-101.73806355624704,21.290124531748944],[-101.73812025601983,21.29029112865295],[-101.73814137976531,21.29046660730051],[-101.73805515203,21.290635530319786],[-101.73791687664051,21.29088906198919],[-101.73764642704049,21.291245199221414],[-101.73737535414224,21.291567861640512],[-101.73713792001055,21.291776882849593],[-101.73699747296097,21.291913202989917],[-101.7368297981411,21.2920247823189],[-101.73654788906093,21.292247161521264],[-101.73647125168839,21.29244941620808],[-101.73645927766923,21.292767862685093],[-101.73646827156595,21.29325348697199],[-101.73655421278877,21.293553553608568],[-101.7365488850008,21.293746252548914],[-101.73635778267105,21.294042519523376],[-101.73604463305173,21.29450829492363],[-101.73605864335256,21.294780196243806],[-101.73558109544483,21.294714351180428],[-101.73263611511312,21.29430826742079],[-101.7316319423629,21.294131874717692],[-101.73096778234715,21.293975228387037],[-101.72928847016655,21.2935334070481],[-101.723644976284,21.292318369806218],[-101.7232778986332,21.29222628972023],[-101.72229192296612,21.29212247509282],[-101.71354914689125,21.29068227650205],[-101.71264222318968,21.29049670407837],[-101.71211671129319,21.290505176274845],[-101.71149237204482,21.29049989679787],[-101.71136514240877,21.290479404728963],[-101.71101456130735,21.29042253100967],[-101.7080480078729,21.289795806496354],[-101.70615986004586,21.28939662260367],[-101.70234500694554,21.288590023374688],[-101.70052994505492,21.288205989609537],[-101.69859673833552,21.28779740910949],[-101.6970927639354,21.287298009428643],[-101.69684518511525,21.287232748822472],[-101.69494402554201,21.286949046426518],[-101.69493908359618,21.286948812306587],[-101.6925526134575,21.286592878132144],[-101.6895647825024,21.28614741102926],[-101.68901125415283,21.286064860015486],[-101.68502575889744,21.285200968973342],[-101.67449397088633,21.28291755425209],[-101.67445723184312,21.282909629157025],[-101.67405822859203,21.2831007357502],[-101.67394883260194,21.283403977486323],[-101.67390181379493,21.28353431231591],[-101.6737364444797,21.283929580589838],[-101.67351073895809,21.284164056186874],[-101.6734154583236,21.284251556650688],[-101.6733572124091,21.284305048693767],[-101.67307624462993,21.28466369875302],[-101.67293071226068,21.285049263122644],[-101.67290380559065,21.285120547201455],[-101.67293398879454,21.2854280445803],[-101.67301062021222,21.28558081348605],[-101.67277631484797,21.28579231858321],[-101.67265607727505,21.285955886502897],[-101.67250013358124,21.286420235061797],[-101.6724510718568,21.286882976364566],[-101.67212736939975,21.28712541239575],[-101.67198908692865,21.28722897715029],[-101.67179895275707,21.28761687513279],[-101.67167303779951,21.287919086352876],[-101.67096647285483,21.288361396462975],[-101.6706878312878,21.28839668905355],[-101.67047263378065,21.28830767615759],[-101.67015085040852,21.28822811764914],[-101.66972095446535,21.288073277981315],[-101.66947240596156,21.28795401345164],[-101.66929119595441,21.287926109714853],[-101.66927170205119,21.287757084788222],[-101.66920269503954,21.28757341359967],[-101.66902771966092,21.28743763707238],[-101.66865904987272,21.28703549839993],[-101.6682781125603,21.286864443702147],[-101.66788429071556,21.28688612252145],[-101.66767791245978,21.286827835581363],[-101.66756757195287,21.287144925880526],[-101.66744359125757,21.287501208417858],[-101.66713965415377,21.287952554538183],[-101.66687329544747,21.288210776185906],[-101.66626338542191,21.28820620096574],[-101.66621607201081,21.288205844742016],[-101.66533158963958,21.287896538925338],[-101.66443962362703,21.287625795483486],[-101.66365668540159,21.287476530399076],[-101.66337401658595,21.287288565285344],[-101.66298310504513,21.287017645269472],[-101.66255396949408,21.286908990007838],[-101.66191243382937,21.28685749045161],[-101.66105687782795,21.286786356785072],[-101.66051644085094,21.28687956816006],[-101.66019202721917,21.287108008679656],[-101.65953631977602,21.287641807238835],[-101.65839111705964,21.28699015177546],[-101.65837703375237,21.28712125783613],[-101.65573978320957,21.29074255338599],[-101.65555040840795,21.2911063388408],[-101.65550951543078,21.29118495767614],[-101.65504259208386,21.292169965115736],[-101.65306844483791,21.29613487058787],[-101.65278947707898,21.296608909553747],[-101.65263412005646,21.29664981140096],[-101.6524546969241,21.2967219625878],[-101.65219219283543,21.296741446923246],[-101.65201124986767,21.29672895463663],[-101.65096498594848,21.296900222231173],[-101.649022808998,21.297218128895718],[-101.64685957168126,21.297572193543033],[-101.64591636474272,21.298110560934624],[-101.64514239105172,21.298469076683347],[-101.64459482083679,21.298624003464717],[-101.64421031842313,21.298711376454094],[-101.64406757208971,21.29873374977464],[-101.64384177945077,21.29891845811458],[-101.64361490582296,21.299042796241025],[-101.64337968224939,21.29910010992265],[-101.64317895695923,21.299083136056016],[-101.64297144359985,21.29908639699921],[-101.6428149219397,21.299142563474327],[-101.64269577738258,21.299285336980283],[-101.64254005466009,21.299381658078605],[-101.64236839871195,21.299391124292757],[-101.6422849904464,21.299533337025505],[-101.64224111035664,21.299689072350258],[-101.64215040057891,21.300011772564282],[-101.64158678403933,21.301322139267786],[-101.64062601221586,21.30483919114184],[-101.64065189305975,21.305087010978326],[-101.64061192544403,21.305255347626847],[-101.64055159578355,21.305484391041098],[-101.64050807793086,21.305854073798812],[-101.64050930007099,21.306433543197137],[-101.64051671278085,21.309939545862697],[-101.64024098315232,21.310131716225992],[-101.64020233516383,21.31017614068033],[-101.6400515891794,21.31034942733754],[-101.63992978796914,21.311948015604887],[-101.6397884603976,21.313654235085494],[-101.6398190288377,21.314559460718886],[-101.63985549763287,21.31659839677475],[-101.63987597508918,21.31724235793896],[-101.63990453587351,21.318140595242504],[-101.63995614251866,21.320226110191225],[-101.64130919557925,21.32021841805987],[-101.6413138646389,21.32029107674716],[-101.6413191034195,21.320372524458485],[-101.64177068619911,21.32119738465101],[-101.64357026159884,21.324932712042646],[-101.64372402795568,21.32512480858824],[-101.64386369821015,21.325323899693224],[-101.644272676578,21.325773654265724],[-101.64433210949483,21.325893493378256],[-101.64451578529999,21.32613400676535],[-101.64488915451736,21.32662284129774],[-101.64485587286956,21.326659133019124],[-101.64483313934937,21.326683557278248],[-101.64473502455634,21.326683002651244],[-101.63138300228678,21.32564997726518],[-101.62920179950422,21.32542272214284],[-101.62833351811403,21.325362409878213],[-101.6259260298567,21.325196017303757],[-101.62250201418838,21.324941961125653],[-101.62131303350584,21.324841003185526],[-101.61874899597555,21.324657035265115],[-101.61389702545883,21.324270966743853],[-101.61049500398715,21.324077969503634],[-101.60946699176208,21.323962961218992]],[[-101.48459379307782,21.105283396773643],[-101.48461686889885,21.105277408859784],[-101.48473702385688,21.105280782887125],[-101.48461671638246,21.105277321706907],[-101.48459379307782,21.105283396773643]],[[-101.54195411055397,21.022552433140916],[-101.54149592249726,21.022277574352522],[-101.54144867469772,21.02224752530541],[-101.54149591425809,21.02227759885394],[-101.54195411055397,21.022552433140916]],[[-101.7016630046286,20.99374017094498],[-101.70069408277897,20.9938032135661],[-101.70166299641754,20.993740195451316],[-101.7016630046286,20.99374017094498]],[[-101.69573471526762,20.99716436301151],[-101.69564857531701,20.997161949476617],[-101.69573470705546,20.99716438751769],[-101.69612334555352,20.997175289224913],[-101.69620845425314,20.997177720664645],[-101.69612335376561,20.997175264718734],[-101.69573471526762,20.99716436301151]],[[-101.69514161462284,20.997152920965014],[-101.69499190764725,20.99713731809657],[-101.69492137805318,20.99712994873833],[-101.6941181381059,20.997009001666296],[-101.69492136984088,20.997129973244487],[-101.69499189847384,20.99713734261794],[-101.69514161462284,20.997152920965014],[-101.69537543106948,20.997177301941225],[-101.69548106711655,20.99718834283853],[-101.6953754392817,20.997177277435053],[-101.69514161462284,20.997152920965014]],[[-101.69341865725472,20.996944616515083],[-101.69328852552573,20.996937547143315],[-101.69308466910978,20.996926614093738],[-101.69328851635206,20.99693757166461],[-101.69341865725472,20.996944616515083],[-101.6935280790164,20.99695056822609],[-101.69366868899692,20.996958181141796],[-101.6937408263892,20.996966968283182],[-101.69383051048611,20.99697690855453],[-101.6937408355628,20.996966943761866],[-101.69366869720943,20.9969581566357],[-101.69352808722893,20.99695054372],[-101.69341865725472,20.996944616515083]],[[-101.69099828510143,20.996707338776165],[-101.69071982997778,20.996678152153677],[-101.69032409928931,20.9966474916179],[-101.69022017875857,20.996639398717992],[-101.69032409107626,20.99664751612389],[-101.69071982176479,20.996678176659703],[-101.69099828510143,20.996707338776165],[-101.69118543941819,20.996726912199144],[-101.69177223098443,20.996795379092593],[-101.6911854476311,20.9967268876931],[-101.69099828510143,20.996707338776165]],[[-101.68964610863378,20.996596979258413],[-101.68955598789937,20.996593021204404],[-101.68916989165014,20.996542901528237],[-101.68892707030673,20.996511343075607],[-101.68892706403183,20.99651136845375],[-101.68916989165014,20.996542901528237],[-101.68955597968618,20.996593045710373],[-101.68964610863378,20.996596979258413],[-101.68988592224761,20.99661535878874],[-101.69006440277622,20.996634821417686],[-101.68988593046073,20.996615334282755],[-101.68964610863378,20.996596979258413]]]]}}]}